<?xml version="1.0" encoding="UTF-8"?>
<addon id="game.libretro.o2em" name="Odyssey2 / Videopac+ (O2EM)" version="1.18.0.103" provider-name="Libretro">
  <requires>
    <import addon="game.libretro" version="1.0.0"/>
  </requires>
  <extension point="kodi.gameclient" library_linux="game.libretro.o2em.so">
    <platforms>Odyssey 2</platforms>
    <extensions>bin</extensions>
    <supports_vfs>false</supports_vfs>
    <supports_standalone>false</supports_standalone>
    <supports_keyboard>false</supports_keyboard>
    <supports_mouse>false</supports_mouse>
  </extension>
  <extension point="xbmc.addon.metadata">
    <summary lang="en">Odyssey2 / Videopac+ (O2EM) 1.18</summary>
    <description>Source: https://github.com/libretro/libretro-o2em

Supported files: .bin</description>
    <license>Artistic License</license>
    <platform>linux</platform>
  </extension>
</addon>
