<?xml version="1.0" encoding="UTF-8"?>
<addon id="audiodecoder.qsf" version="1.1.3.2" name="QSF Audio Decoder" provider-name="spiff">
  <requires>
    <import addon="kodi.binary.global.main" version="1.0.10"/>
  </requires>
  <extension point="kodi.audiodecoder" name="qsf" extension=".miniqsf" tags="true" library_linux="audiodecoder.qsf.so.1.1.3"/>
  <extension point="xbmc.addon.metadata">
    <summary lang="en">QSF Audio Decoder</summary>
    <description lang="en">QSF Audio Decoder</description>
    <platform>linux</platform>
  </extension>
</addon>
