<?xml version="1.0" encoding="UTF-8"?>
<buttonmap>
	<controller id="game.controller.gba" type="joypad">
		<feature name="a" mapto="a"/>
		<feature name="b" mapto="b"/>
		<feature name="start" mapto="start"/>
		<feature name="select" mapto="select"/>
		<feature name="leftbumper" mapto="l"/>
		<feature name="rightbumper" mapto="r"/>
		<feature name="up" mapto="up"/>
		<feature name="down" mapto="down"/>
		<feature name="right" mapto="right"/>
		<feature name="left" mapto="left"/>
		<feature name="brighten" mapto="r3"/>
		<feature name="darken" mapto="l3"/>
	</controller>
</buttonmap>
