<?xml version="1.0" encoding="UTF-8"?>
<addon id="game.libretro.stella" name="Atari 2600 (Stella)" version="3.9.3.100" provider-name="Libretro">
  <requires>
    <import addon="game.libretro" version="1.0.0"/>
  </requires>
  <extension point="kodi.gameclient" library_linux="game.libretro.stella.so">
    <platforms>Atari 2600</platforms>
    <extensions>a26|bin</extensions>
    <supports_vfs>true</supports_vfs>
    <supports_standalone>false</supports_standalone>
    <supports_keyboard>false</supports_keyboard>
    <supports_mouse>false</supports_mouse>
  </extension>
  <extension point="xbmc.addon.metadata">
    <summary lang="en">Atari 2600 (Stella) 3.9.3</summary>
    <description>Stella is a multi-platform Atari 2600 VCS emulator. The Atari 2600 Video Computer System (VCS), introduced in 1977, was the most popular home video game system of the early 1980's.

Supported files: .a26, .bin

Stella was originally developed for Linux by Bradford W. Mott, and is currently maintained by Stephen Anthony.</description>
    <license>GPLv2</license>
    <platform>linux</platform>
    <assets>
      <screenshot>resources/screenshot-01.jpg</screenshot>
      <screenshot>resources/screenshot-02.jpg</screenshot>
      <screenshot>resources/screenshot-03.jpg</screenshot>
    </assets>
  </extension>
</addon>
