﻿<?xml version="1.0" encoding="UTF-8" standalone="yes"?>
<addon id="service.odroidc2-3dautoswitch" name="ODroid C2 - 3D Autoswitch" version="0.0.4" provider-name="Merlin.KIS, Grappi">
  <requires>
    <import addon="xbmc.python" version="2.1.0"/>
  </requires>
  <extension point="xbmc.service" library="default.py" start="startup">
  </extension>
  <extension point="xbmc.addon.metadata">
    <platform>all</platform>
      <summary lang="en">ODroid C2 - 3D Autoswitch</summary>
      <description lang="en">...</description>
  </extension>
</addon>
