<?xml version="1.0" encoding="UTF-8"?>
<addon id="vfs.rar" version="1.0.1.2" name="RAR archive support" provider-name="spiff">
  <requires>
    <import addon="kodi.binary.global.main" version="1.0.9"/>
    <import addon="kodi.binary.instance.vfs" version="1.0.1"/>
  </requires>
  <extension point="kodi.vfs" protocols="rar" extensions=".rar|.001" files="true" directories="true" filedirectories="true" library_linux="vfs.rar.so.1.0.1"/>
  <extension point="xbmc.addon.metadata">
    <summary lang="en">RAR archive support</summary>
    <description lang="en">RAR archive support</description>
    <platform>linux</platform>
  </extension>
</addon>
