<?xml version="1.0" encoding="UTF-8" standalone="yes"?>
<addon id="service.multimedia.mpd"
       name="Music Player Daemon (MPD)"
       version="9.0.1.103"
       provider-name="libreelec.tv">
  <requires>
    <import addon="os.libreelec.tv" version="9.0"/>
    <import addon="xbmc.python" version="2.1.0"/>

  </requires>
  <extension point="xbmc.service" library="default.py">
    <provides></provides>
  </extension>
  <extension point="xbmc.addon.metadata">
    <summary>Music Player Daemon (MPD): a free and open Music Player Server</summary>
    <description>
Music Player Daemon (0.20.9) is a flexible and powerful server-side application for playing music
    </description>
    <disclaimer>

    </disclaimer>
    <platform>all</platform>
    <news>
103
- update mpd to 0.20.9

102
- update mpd to 0.20.3

101
- rebuild for libogg

100
- initial LibreELEC version
    </news>
    <assets>
      <icon>resources/icon.png</icon>
      <fanart>resources/fanart.png</fanart>

    </assets>
  </extension>
</addon>
