<?xml version="1.0" encoding="UTF-8" standalone="yes"?>
<addon id="virtual.multimedia-tools"
       name="Multimedia Tools"
       version="9.0.2.105"
       provider-name="Team LibreELEC">
  <requires>
    <import addon="os.libreelec.tv" version="9.0"/>
    <import addon="xbmc.python" version="2.1.0"/>

  </requires>
  <extension point="xbmc.python.script" library="default.py">
    <provides></provides>
  </extension>
  <extension point="xbmc.addon.metadata">
    <summary>A bundle of multimedia tools and programs</summary>
    <description>
This bundle currently includes alsamixer, mediainfo, mesa-demos, mpg123, opencaster, squeezelite, tsdecrypt and tstools.
    </description>
    <disclaimer>

    </disclaimer>
    <platform>all</platform>
    <news>
104
- squeezelite: update to a3d95ec and link audio libraries

103
- Add alsamixer
- Update mpg123 to 1.23.6
- Update squeezelite to 33cca7e

102
- Remove IR support from squeezelite

101
- Add mpg123 and squeezelite

100
- Initial Release
    </news>
    <assets>
      <icon>resources/icon.png</icon>
      <fanart>resources/fanart.png</fanart>

    </assets>
  </extension>
</addon>
