<?xml version="1.0" encoding="UTF-8"?>
<addon id="game.libretro.beetle-vb" name="Virtual Boy (Beetle VB)" version="0.9.36.103" provider-name="Libretro">
  <requires>
    <import addon="game.libretro" version="1.0.0"/>
  </requires>
  <extension point="kodi.gameclient" library_linux="game.libretro.beetle-vb.so">
    <platforms>GB</platforms>
    <extensions>vb|vboy|bin</extensions>
    <supports_vfs>false</supports_vfs>
    <supports_standalone>false</supports_standalone>
    <supports_keyboard>false</supports_keyboard>
    <supports_mouse>false</supports_mouse>
  </extension>
  <extension point="xbmc.addon.metadata">
    <summary lang="en">Virtual Boy (Beetle VB) v0.9.36.1</summary>
    <description>Source: https://github.com/libretro/beetle-vb-libretro

Supported files: .vb, .vboy, .bin</description>
    <license>GPLv2</license>
    <platform>linux</platform>
    <assets>
      <screenshot>resources/screenshot-01.jpg</screenshot>
      <screenshot>resources/screenshot-02.jpg</screenshot>
      <screenshot>resources/screenshot-03.jpg</screenshot>
    </assets>
  </extension>
</addon>
