<?xml version="1.0" encoding="UTF-8" standalone="yes"?>
<addon id="driver.steamcontroller"
       name="Steam Controller Driver"
       version="9.0.102"
       provider-name="libreelec.tv">
  <requires>
    <import addon="os.libreelec.tv" version="9.0"/>
    <import addon="xbmc.python" version="2.1.0"/>

  </requires>
  <extension point="xbmc.service" library="default.py">
    <provides></provides>
  </extension>
  <extension point="xbmc.addon.metadata">
    <summary>A standalone userland driver for the steam controller to be used where steam client can't be installed.</summary>
    <description>
A standalone userland driver for the steam controller to be used where steam client can't be installed.
    </description>
    <disclaimer>

    </disclaimer>
    <platform>all</platform>
    <news>
8.1.101
- Update to 60499dc
- Fix cpu usage due to high polling rate

8.0.100
- Initial add-on
    </news>
    <assets>
      <icon>resources/icon.png</icon>
      <fanart>resources/fanart.png</fanart>

    </assets>
  </extension>
</addon>
