<?xml version="1.0" encoding="UTF-8"?>
<addon id="game.libretro.hatari" name="Atari ST/STE/TT/Falcon (Hatari)" version="1.8.0.101" provider-name="Libretro">
  <requires>
    <import addon="game.libretro" version="1.0.0"/>
  </requires>
  <extension point="kodi.gameclient" library_linux="game.libretro.hatari.so">
    <platforms>Atari ST</platforms>
    <extensions>ST|MSA|ZIP|STX|DIM|IPF</extensions>
    <supports_vfs>false</supports_vfs>
    <supports_standalone>false</supports_standalone>
    <supports_keyboard>false</supports_keyboard>
    <supports_mouse>false</supports_mouse>
  </extension>
  <extension point="xbmc.addon.metadata">
    <summary lang="en">Atari ST/STE/TT/Falcon (Hatari) 1.8</summary>
    <description>Source: https://github.com/libretro/hatari

Supported files: .ST, .MSA, .ZIP, .STX, .DIM, .IPF</description>
    <license>GPLv2</license>
    <platform>linux</platform>
  </extension>
</addon>
