<?xml version="1.0" encoding="UTF-8"?>
<addon id="audioencoder.flac" version="2.0.0.3" name="Flac Audio Encoder" provider-name="spiff">
  <requires>
    <import addon="kodi.binary.global.main" version="1.0.11"/>
    <import addon="kodi.binary.instance.audioencoder" version="2.0.0"/>
  </requires>
  <extension point="kodi.audioencoder" extension=".flac" library_linux="audioencoder.flac.so.2.0.0"/>
  <extension point="xbmc.addon.metadata">
    <summary lang="en">FLAC Audio Encoder</summary>
    <description lang="en">FLAC stands for Free Lossless Audio Codec, an audio format similar to MP3, but lossless, meaning that audio is compressed in FLAC without any loss in quality. This is similar to how Zip works, except with FLAC you will get much better compression because it is designed specifically for audio, and you can play back compressed FLAC files in your favorite player (or your car or home stereo, see supported devices) just like you would an MP3 file.

FLAC stands out as the fastest and most widely supported lossless audio codec, and the only one that at once is non-proprietary, is unencumbered by patents, has an open-source reference implementation, has a well documented format and API, and has several other independent implementations.</description>
    <platform>linux</platform>
  </extension>
</addon>
