﻿<?xml version="1.0" encoding="UTF-8"?>
<site generator-info-name="WebGrab+Plus/w MDB &amp; REX Postprocess -- version  V1.57 -- Jan van Straaten" site="vodafone.pt">
  <channels>
    <channel update="i" site="vodafone.pt" site_id="382" xmltv_id="QYOU HD">QYOU HD</channel>
    <channel update="i" site="vodafone.pt" site_id="20" xmltv_id="História">História</channel>
    <channel update="i" site="vodafone.pt" site_id="18" xmltv_id="FOX">FOX</channel>
    <channel update="i" site="vodafone.pt" site_id="345" xmltv_id="AfroMusic Portugal">AfroMusic Portugal</channel>
    <channel update="i" site="vodafone.pt" site_id="38" xmltv_id="MTV Portugal">MTV Portugal</channel>
    <channel update="i" site="vodafone.pt" site_id="352" xmltv_id="Cinemundo">Cinemundo</channel>
    <channel update="i" site="vodafone.pt" site_id="113" xmltv_id="TVI24">TVI24</channel>
    <channel update="i" site="vodafone.pt" site_id="110" xmltv_id="RTPHD">RTPHD</channel>
    <channel update="i" site="vodafone.pt" site_id="155" xmltv_id="Record News">Record News</channel>
    <channel update="i" site="vodafone.pt" site_id="375" xmltv_id="PORTOC HD">PORTOC HD</channel>
    <channel update="i" site="vodafone.pt" site_id="239" xmltv_id="Touros">Touros</channel>
    <channel update="i" site="vodafone.pt" site_id="408" xmltv_id="Sport TV + HD">Sport TV + HD</channel>
    <channel update="i" site="vodafone.pt" site_id="3" xmltv_id="RTP 3">RTP 3</channel>
    <channel update="i" site="vodafone.pt" site_id="2" xmltv_id="RTP 2">RTP 2</channel>
    <channel update="i" site="vodafone.pt" site_id="407" xmltv_id="Sport TV +">Sport TV +</channel>
    <channel update="i" site="vodafone.pt" site_id="9" xmltv_id="Fuel TV">Fuel TV</channel>
    <channel update="i" site="vodafone.pt" site_id="405" xmltv_id="Kuriakos TV">Kuriakos TV</channel>
    <channel update="i" site="vodafone.pt" site_id="36" xmltv_id="Nat Geo">Nat Geo</channel>
    <channel update="i" site="vodafone.pt" site_id="34" xmltv_id="C Music TV">C Music TV</channel>
    <channel update="i" site="vodafone.pt" site_id="30" xmltv_id="Fashion TV">Fashion TV</channel>
    <channel update="i" site="vodafone.pt" site_id="238" xmltv_id="TV Record HD">TV Record HD</channel>
    <channel update="i" site="vodafone.pt" site_id="386" xmltv_id="SIC K">SIC K</channel>
    <channel update="i" site="vodafone.pt" site_id="13" xmltv_id="SIC Notícias">SIC Notícias</channel>
    <channel update="i" site="vodafone.pt" site_id="12" xmltv_id="SIC Mulher">SIC Mulher</channel>
    <channel update="i" site="vodafone.pt" site_id="5" xmltv_id="RTP Africa">RTP Africa</channel>
    <channel update="i" site="vodafone.pt" site_id="27" xmltv_id="Panda">Panda</channel>
    <channel update="i" site="vodafone.pt" site_id="61" xmltv_id="MEZZO">MEZZO</channel>
    <channel update="i" site="vodafone.pt" site_id="41" xmltv_id="TVE 24h">TVE 24h</channel>
    <channel update="i" site="vodafone.pt" site_id="14" xmltv_id="SIC Radical">SIC Radical</channel>
    <channel update="i" site="vodafone.pt" site_id="356" xmltv_id="MCM TOP SD">MCM TOP SD</channel>
    <channel update="i" site="vodafone.pt" site_id="236" xmltv_id="Cartoon Network">Cartoon Network</channel>
    <channel update="i" site="vodafone.pt" site_id="158" xmltv_id="TV Series">TV Series</channel>
    <channel update="i" site="vodafone.pt" site_id="174" xmltv_id="TVI HD">TVI HD</channel>
    <channel update="i" site="vodafone.pt" site_id="173" xmltv_id="SIC H">SIC H</channel>
    <channel update="i" site="vodafone.pt" site_id="48" xmltv_id="Disney Channel">Disney Channel</channel>
    <channel update="i" site="vodafone.pt" site_id="171" xmltv_id="RTP 1 HD">RTP 1 HD</channel>
    <channel update="i" site="vodafone.pt" site_id="387" xmltv_id="Discovery HD">Discovery HD</channel>
    <channel update="i" site="vodafone.pt" site_id="33" xmltv_id="TV5 Monde">TV5 Monde</channel>
    <channel update="i" site="vodafone.pt" site_id="150" xmltv_id="TV Cine 2 HD">TV Cine 2 HD</channel>
    <channel update="i" site="vodafone.pt" site_id="148" xmltv_id="Mov">Mov</channel>
    <channel update="i" site="vodafone.pt" site_id="349" xmltv_id="TVC NEWS">TVC NEWS</channel>
    <channel update="i" site="vodafone.pt" site_id="130" xmltv_id="SET Max">SET Max</channel>
    <channel update="i" site="vodafone.pt" site_id="196" xmltv_id="24Kitchen HD">24Kitchen HD</channel>
    <channel update="i" site="vodafone.pt" site_id="126" xmltv_id="Jim Jam">Jim Jam</channel>
    <channel update="i" site="vodafone.pt" site_id="129" xmltv_id="SET Ásia">SET Ásia</channel>
    <channel update="i" site="vodafone.pt" site_id="195" xmltv_id="Localvisão HD">Localvisão HD</channel>
    <channel update="i" site="vodafone.pt" site_id="73" xmltv_id="Nautical Channel">Nautical Channel</channel>
    <channel update="i" site="vodafone.pt" site_id="342" xmltv_id="RTP Madeira">RTP Madeira</channel>
    <channel update="i" site="vodafone.pt" site_id="183" xmltv_id="AXN Black HD">AXN Black HD</channel>
    <channel update="i" site="vodafone.pt" site_id="198" xmltv_id="Nat Geo Wild HD">Nat Geo Wild HD</channel>
    <channel update="i" site="vodafone.pt" site_id="94" xmltv_id="Deutche Welle">Deutche Welle</channel>
    <channel update="i" site="vodafone.pt" site_id="241" xmltv_id="Caza &amp; Pesca">Caza &amp; Pesca</channel>
    <channel update="i" site="vodafone.pt" site_id="157" xmltv_id="24Kitchen">24Kitchen</channel>
    <channel update="i" site="vodafone.pt" site_id="107" xmltv_id="Fox HD">Fox HD</channel>
    <channel update="i" site="vodafone.pt" site_id="47" xmltv_id="AXN">AXN</channel>
    <channel update="i" site="vodafone.pt" site_id="105" xmltv_id="FOX Comedy">FOX Comedy</channel>
    <channel update="i" site="vodafone.pt" site_id="66" xmltv_id="PFC">PFC</channel>
    <channel update="i" site="vodafone.pt" site_id="228" xmltv_id="SyFy HD">SyFy HD</channel>
    <channel update="i" site="vodafone.pt" site_id="76" xmltv_id="Phoenix InfoNews">Phoenix InfoNews</channel>
    <channel update="i" site="vodafone.pt" site_id="59" xmltv_id="Bloomberg">Bloomberg</channel>
    <channel update="i" site="vodafone.pt" site_id="46" xmltv_id="AXN White">AXN White</channel>
    <channel update="i" site="vodafone.pt" site_id="344" xmltv_id="DJAZZ">DJAZZ</channel>
    <channel update="i" site="vodafone.pt" site_id="193" xmltv_id="Disney Junior">Disney Junior</channel>
    <channel update="i" site="vodafone.pt" site_id="45" xmltv_id="AXN Black">AXN Black</channel>
    <channel update="i" site="vodafone.pt" site_id="50" xmltv_id="VH1 Europe">VH1 Europe</channel>
    <channel update="i" site="vodafone.pt" site_id="85" xmltv_id="RAI News">RAI News</channel>
    <channel update="i" site="vodafone.pt" site_id="409" xmltv_id="MEZZO Live HD">MEZZO Live HD</channel>
    <channel update="i" site="vodafone.pt" site_id="22" xmltv_id="Odisseia">Odisseia</channel>
    <channel update="i" site="vodafone.pt" site_id="153" xmltv_id="Sport TV 3 HD">Sport TV 3 HD</channel>
    <channel update="i" site="vodafone.pt" site_id="11" xmltv_id="SIC">SIC</channel>
    <channel update="i" site="vodafone.pt" site_id="31" xmltv_id="Nat Geo HD">Nat Geo HD</channel>
    <channel update="i" site="vodafone.pt" site_id="231" xmltv_id="Benfica TV HD">Benfica TV HD</channel>
    <channel update="i" site="vodafone.pt" site_id="374" xmltv_id="Fight Network HD">Fight Network HD</channel>
    <channel update="i" site="vodafone.pt" site_id="125" xmltv_id="GINX">GINX</channel>
    <channel update="i" site="vodafone.pt" site_id="350" xmltv_id="Fightbox HD">Fightbox HD</channel>
    <channel update="i" site="vodafone.pt" site_id="53" xmltv_id="Eurosport 2">Eurosport 2</channel>
    <channel update="i" site="vodafone.pt" site_id="390" xmltv_id="SIC HD">SIC HD</channel>
    <channel update="i" site="vodafone.pt" site_id="95" xmltv_id="CNN">CNN</channel>
    <channel update="i" site="vodafone.pt" site_id="341" xmltv_id="BBC Entertainment">BBC Entertainment</channel>
    <channel update="i" site="vodafone.pt" site_id="160" xmltv_id="Canal 180">Canal 180</channel>
    <channel update="i" site="vodafone.pt" site_id="149" xmltv_id="TV Cine 1 HD">TV Cine 1 HD</channel>
    <channel update="i" site="vodafone.pt" site_id="92" xmltv_id="MCM TOP">MCM TOP</channel>
    <channel update="i" site="vodafone.pt" site_id="91" xmltv_id="Russia Today">Russia Today</channel>
    <channel update="i" site="vodafone.pt" site_id="88" xmltv_id="TV Record">TV Record</channel>
    <channel update="i" site="vodafone.pt" site_id="200" xmltv_id="TV Galicia">TV Galicia</channel>
    <channel update="i" site="vodafone.pt" site_id="385" xmltv_id="TLC">TLC</channel>
    <channel update="i" site="vodafone.pt" site_id="391" xmltv_id="Fashion TV HD">Fashion TV HD</channel>
    <channel update="i" site="vodafone.pt" site_id="364" xmltv_id="Motors TV HD">Motors TV HD</channel>
    <channel update="i" site="vodafone.pt" site_id="51" xmltv_id="Eurosport">Eurosport</channel>
    <channel update="i" site="vodafone.pt" site_id="93" xmltv_id="MCM POP">MCM POP</channel>
    <channel update="i" site="vodafone.pt" site_id="373" xmltv_id="Canal Q HD">Canal Q HD</channel>
    <channel update="i" site="vodafone.pt" site_id="17" xmltv_id="FOX Crime">FOX Crime</channel>
    <channel update="i" site="vodafone.pt" site_id="52" xmltv_id="E!">E!</channel>
    <channel update="i" site="vodafone.pt" site_id="56" xmltv_id="Travel">Travel</channel>
    <channel update="i" site="vodafone.pt" site_id="145" xmltv_id="Star Plus">Star Plus</channel>
    <channel update="i" site="vodafone.pt" site_id="206" xmltv_id="Sky News">Sky News</channel>
    <channel update="i" site="vodafone.pt" site_id="16" xmltv_id="Canal Parlamento">Canal Parlamento</channel>
    <channel update="i" site="vodafone.pt" site_id="121" xmltv_id="Económico TV">Económico TV</channel>
    <channel update="i" site="vodafone.pt" site_id="348" xmltv_id="DOGTV">DOGTV</channel>
    <channel update="i" site="vodafone.pt" site_id="347" xmltv_id="RTP Açores">RTP Açores</channel>
    <channel update="i" site="vodafone.pt" site_id="199" xmltv_id="Fox Crime HD">Fox Crime HD</channel>
    <channel update="i" site="vodafone.pt" site_id="19" xmltv_id="Hollywood">Hollywood</channel>
    <channel update="i" site="vodafone.pt" site_id="8" xmltv_id="SPORT TV3">SPORT TV3</channel>
    <channel update="i" site="vodafone.pt" site_id="368" xmltv_id="KBS">KBS</channel>
    <channel update="i" site="vodafone.pt" site_id="154" xmltv_id="SPORT TV4">SPORT TV4</channel>
    <channel update="i" site="vodafone.pt" site_id="363" xmltv_id="FOX Comedy HD">FOX Comedy HD</channel>
    <channel update="i" site="vodafone.pt" site_id="6" xmltv_id="SPORT TV1">SPORT TV1</channel>
    <channel update="i" site="vodafone.pt" site_id="39" xmltv_id="Euronews">Euronews</channel>
    <channel update="i" site="vodafone.pt" site_id="7" xmltv_id="SPORT TV2">SPORT TV2</channel>
    <channel update="i" site="vodafone.pt" site_id="28" xmltv_id="TVI">TVI</channel>
    <channel update="i" site="vodafone.pt" site_id="82" xmltv_id="France 24 FR">France 24 FR</channel>
    <channel update="i" site="vodafone.pt" site_id="111" xmltv_id="SPORT TV5">SPORT TV5</channel>
    <channel update="i" site="vodafone.pt" site_id="81" xmltv_id="France 24 Eng">France 24 Eng</channel>
    <channel update="i" site="vodafone.pt" site_id="181" xmltv_id="TVC 3 HD">TVC 3 HD</channel>
    <channel update="i" site="vodafone.pt" site_id="243" xmltv_id="RTL">RTL</channel>
    <channel update="i" site="vodafone.pt" site_id="127" xmltv_id="Food Network">Food Network</channel>
    <channel update="i" site="vodafone.pt" site_id="240" xmltv_id="M6">M6</channel>
    <channel update="i" site="vodafone.pt" site_id="15" xmltv_id="TV Globo">TV Globo</channel>
    <channel update="i" site="vodafone.pt" site_id="63" xmltv_id="NGC Wild">NGC Wild</channel>
    <channel update="i" site="vodafone.pt" site_id="62" xmltv_id="Luxe TV HD">Luxe TV HD</channel>
    <channel update="i" site="vodafone.pt" site_id="389" xmltv_id="Eurosport 2 Xtra HD">Eurosport 2 Xtra HD</channel>
    <channel update="i" site="vodafone.pt" site_id="151" xmltv_id="Sport TV 1 HD">Sport TV 1 HD</channel>
    <channel update="i" site="vodafone.pt" site_id="89" xmltv_id="Discovery">Discovery</channel>
    <channel update="i" site="vodafone.pt" site_id="159" xmltv_id="TV Series HD">TV Series HD</channel>
    <channel update="i" site="vodafone.pt" site_id="4" xmltv_id="RTP Memoria">RTP Memoria</channel>
    <channel update="i" site="vodafone.pt" site_id="144" xmltv_id="Star Gold">Star Gold</channel>
    <channel update="i" site="vodafone.pt" site_id="104" xmltv_id="Fox Life HD">Fox Life HD</channel>
    <channel update="i" site="vodafone.pt" site_id="227" xmltv_id="SyFy SD">SyFy SD</channel>
    <channel update="i" site="vodafone.pt" site_id="83" xmltv_id="Eurosport News">Eurosport News</channel>
    <channel update="i" site="vodafone.pt" site_id="360" xmltv_id="NHK WORLD TV">NHK WORLD TV</channel>
    <channel update="i" site="vodafone.pt" site_id="172" xmltv_id="RTP 2 HD">RTP 2 HD</channel>
    <channel update="i" site="vodafone.pt" site_id="35" xmltv_id="Baby TV">Baby TV</channel>
    <channel update="i" site="vodafone.pt" site_id="10" xmltv_id="Sport TV 4 HD">Sport TV 4 HD</channel>
    <channel update="i" site="vodafone.pt" site_id="351" xmltv_id="FastnFunbox HD">FastnFunbox HD</channel>
    <channel update="i" site="vodafone.pt" site_id="355" xmltv_id="Cinemundo SD">Cinemundo SD</channel>
    <channel update="i" site="vodafone.pt" site_id="86" xmltv_id="CBS Reality">CBS Reality</channel>
    <channel update="i" site="vodafone.pt" site_id="37" xmltv_id="BBC World News">BBC World News</channel>
    <channel update="i" site="vodafone.pt" site_id="410" xmltv_id="TV Globo Básico">TV Globo Básico</channel>
    <channel update="i" site="vodafone.pt" site_id="184" xmltv_id="AXN White HD">AXN White HD</channel>
    <channel update="i" site="vodafone.pt" site_id="112" xmltv_id="Sport TV 5 HD">Sport TV 5 HD</channel>
    <channel update="i" site="vodafone.pt" site_id="161" xmltv_id="Canal 180 HD">Canal 180 HD</channel>
    <channel update="i" site="vodafone.pt" site_id="182" xmltv_id="TVC 4 HD">TVC 4 HD</channel>
    <channel update="i" site="vodafone.pt" site_id="100" xmltv_id="Al Jazeera English">Al Jazeera English</channel>
    <channel update="i" site="vodafone.pt" site_id="101" xmltv_id="Cubavision">Cubavision</channel>
    <channel update="i" site="vodafone.pt" site_id="84" xmltv_id="RAI 1">RAI 1</channel>
    <channel update="i" site="vodafone.pt" site_id="202" xmltv_id="Canção Nova TV">Canção Nova TV</channel>
    <channel update="i" site="vodafone.pt" site_id="372" xmltv_id="CANAL Q">CANAL Q</channel>
    <channel update="i" site="vodafone.pt" site_id="26" xmltv_id="TVCine 4">TVCine 4</channel>
    <channel update="i" site="vodafone.pt" site_id="177" xmltv_id="Fuel TV HD">Fuel TV HD</channel>
    <channel update="i" site="vodafone.pt" site_id="25" xmltv_id="TVCine 3">TVCine 3</channel>
    <channel update="i" site="vodafone.pt" site_id="106" xmltv_id="Fox Movies">Fox Movies</channel>
    <channel update="i" site="vodafone.pt" site_id="103" xmltv_id="Fox Life">Fox Life</channel>
    <channel update="i" site="vodafone.pt" site_id="40" xmltv_id="TVE Internacional">TVE Internacional</channel>
    <channel update="i" site="vodafone.pt" site_id="24" xmltv_id="TVCine 2">TVCine 2</channel>
    <channel update="i" site="vodafone.pt" site_id="23" xmltv_id="TVCine 1">TVCine 1</channel>
    <channel update="i" site="vodafone.pt" site_id="152" xmltv_id="Sport TV 2 HD">Sport TV 2 HD</channel>
    <channel update="i" site="vodafone.pt" site_id="245" xmltv_id="VOX">VOX</channel>
    <channel update="i" site="vodafone.pt" site_id="69" xmltv_id="Melody Zen. TV">Melody Zen. TV</channel>
    <channel update="i" site="vodafone.pt" site_id="371" xmltv_id="SIC Caras">SIC Caras</channel>
    <channel update="i" site="vodafone.pt" site_id="68" xmltv_id="Trace TV">Trace TV</channel>
    <channel update="i" site="vodafone.pt" site_id="55" xmltv_id="PRO TV International">PRO TV International</channel>
    <channel update="i" site="vodafone.pt" site_id="146" xmltv_id="Panda Biggs">Panda Biggs</channel>
    <channel update="i" site="vodafone.pt" site_id="54" xmltv_id="Eurosport HD">Eurosport HD</channel>
    <channel update="i" site="vodafone.pt" site_id="43" xmltv_id="TPA Internacional">TPA Internacional</channel>
    <channel update="i" site="vodafone.pt" site_id="403" xmltv_id="MTV Portugal HD">MTV Portugal HD</channel>
    <channel update="i" site="vodafone.pt" site_id="108" xmltv_id="AXN HD">AXN HD</channel>
    <channel update="i" site="vodafone.pt" site_id="58" xmltv_id="Motors TV">Motors TV</channel>
    <channel update="i" site="vodafone.pt" site_id="388" xmltv_id="Eurosport 2 Xtra SD">Eurosport 2 Xtra SD</channel>
    <channel update="i" site="vodafone.pt" site_id="128" xmltv_id="Brava TV HD">Brava TV HD</channel>
    <channel update="i" site="vodafone.pt" site_id="194" xmltv_id="Localvisão">Localvisão</channel>
    <channel update="i" site="vodafone.pt" site_id="197" xmltv_id="Fox Movies HD">Fox Movies HD</channel>
    <channel update="i" site="vodafone.pt" site_id="230" xmltv_id="Benfica TV">Benfica TV</channel>
    <channel update="i" site="vodafone.pt" site_id="1" xmltv_id="RTP 1">RTP 1</channel>
    <channel update="i" site="vodafone.pt" site_id="244" xmltv_id="Super RTL">Super RTL</channel>
    <channel update="i" site="vodafone.pt" site_id="124" xmltv_id="Económico TV HD">Económico TV HD</channel>
    <channel update="i" site="vodafone.pt" site_id="80" xmltv_id="Porto Canal">Porto Canal</channel>
    <channel update="i" site="vodafone.pt" site_id="42" xmltv_id="CNBC">CNBC</channel>
    <channel update="i" site="vodafone.pt" site_id="21" xmltv_id="A&amp;E">A&amp;E</channel>
    <channel update="i" site="vodafone.pt" site_id="188" xmltv_id="E! HD">E! HD</channel>
    <channel update="i" site="vodafone.pt" site_id="1001" xmltv_id="Nacional">Nacional</channel>
    <channel update="i" site="vodafone.pt" site_id="1002" xmltv_id="Desporto">Desporto</channel>
    <channel update="i" site="vodafone.pt" site_id="1004" xmltv_id="Infantil">Infantil</channel>
    <channel update="i" site="vodafone.pt" site_id="1003" xmltv_id="Filmes e Séries">Filmes e Séries</channel>
    <channel update="i" site="vodafone.pt" site_id="1006" xmltv_id="Documentários">Documentários</channel>
    <channel update="i" site="vodafone.pt" site_id="1007" xmltv_id="Música">Música</channel>
    <channel update="i" site="vodafone.pt" site_id="1005" xmltv_id="Notícias">Notícias</channel>
    <channel update="i" site="vodafone.pt" site_id="1008" xmltv_id="Generalistas">Generalistas</channel>
    <channel update="i" site="vodafone.pt" site_id="1011" xmltv_id="Entretenimento">Entretenimento</channel>
  </channels>
</site>