<?xml version="1.0" encoding="UTF-8"?>
<addon id="pvr.octonet" version="0.3.8.2" name="Digital Devices Octopus NET Client" provider-name="digitaldevices">
  <requires>
    <import addon="kodi.binary.global.main" version="1.0.9"/>
    <import addon="kodi.binary.global.gui" version="5.11.0"/>
    <import addon="kodi.binary.instance.pvr" version="5.2.4"/>
  </requires>
  <extension point="xbmc.pvrclient" library_linux="pvr.octonet.so" library_osx="pvr.octonet.dylib" library_freebsd="pvr.octonet.so" library_windx="pvr.octonet.dll" library_android="libpvr.octonet.so"/>
  <extension point="xbmc.addon.metadata">
    <summary lang="de_DE">Kodi PVR Addon für Digital Devices Octopus NET Streams</summary>
    <summary lang="en_US">Kodi PVR Addon for Digital Devices Octopus NET Streams</summary>
    <platform>all</platform>
  </extension>
</addon>
