<?xml version="1.0" encoding="UTF-8" standalone="yes"?>
<addon id="repository.kodinerds" name="Kodinerds Add-ons" version="8.1.102.102" provider-name="Kodinerds.net">
  <requires>
    <import addon="xbmc.addon" version="12.0.0"/>
  </requires>
  <extension point="xbmc.addon.repository" name="L0RE">
    <info compressed="true">https://raw.githubusercontent.com/kodinerds/repo/master/addons.xml</info>
    <checksum>https://raw.githubusercontent.com/kodinerds/repo/master/addons.xml.md5</checksum>
    <datadir zip="true">https://raw.githubusercontent.com/kodinerds/repo/master/</datadir>
  </extension>
  <extension point="xbmc.addon.metadata">
    <summary>Install add-ons from Kodinerds</summary>
    <summary lang="de">Installiere Add-ons von Kodinerds</summary>
    <description>Download and install add-ons from Kodinerds repository.</description>
    <description lang="de">Downloade und installiere Add-ons von der Kodinerds Repository.</description>
    <disclaimer/>
    <platform>all</platform>
    <assets>
      <icon>resources/icon.png</icon>
      <fanart>resources/fanart.png</fanart>
    </assets>
  </extension>
</addon>
