<?xml version="1.0" encoding="UTF-8" standalone="yes"?>
<addon id="virtual.network-tools"
       name="Network Tools"
       version="9.0.101"
       provider-name="libreelec.tv">
  <requires>
    <import addon="os.libreelec.tv" version="9.0"/>
    <import addon="xbmc.python" version="2.1.0"/>

  </requires>
  <extension point="xbmc.python.script" library="default.py">
    <provides></provides>
  </extension>
  <extension point="xbmc.addon.metadata">
    <summary>A bundle of network tools and programs</summary>
    <description>
This bundle currently includes bwm-ng, iftop, iperf, irssi, iw, lftp, ncftp, ngrep, nmap, rsync, sshfs, tcpdump, udpxy and wireless_tools.
    </description>
    <disclaimer>

    </disclaimer>
    <platform>all</platform>
    <news>
8.0.100
- Initial Release
    </news>
    <assets>
      <icon>resources/icon.png</icon>
      <fanart>resources/fanart.png</fanart>

    </assets>
  </extension>
</addon>
