﻿<?xml version="1.0" encoding="UTF-8"?>
<site generator-info-name="WebGrab+Plus/w MDB &amp; REX Postprocess -- version 1.1.1/55.25 -- Jan van Straaten" site="toggle.sg">
  <channels>
    <channel update="i" site="toggle.sg" site_id="181" xmltv_id="Channel 5">Channel 5</channel>
    <channel update="i" site="toggle.sg" site_id="182" xmltv_id="Channel 8">Channel 8</channel>
    <channel update="i" site="toggle.sg" site_id="Channel+U" xmltv_id="Channel U">Channel U</channel>
    <channel update="i" site="toggle.sg" site_id="Okto" xmltv_id="okto">okto</channel>
    <channel update="i" site="toggle.sg" site_id="Vasantham" xmltv_id="Vasantham">Vasantham</channel>
    <channel update="i" site="toggle.sg" site_id="Suria" xmltv_id="Suria">Suria</channel>
    <channel update="i" site="toggle.sg" site_id="550" xmltv_id="Channel NewsAsia">Channel NewsAsia</channel>
    <channel update="i" site="toggle.sg" site_id="21" xmltv_id="987TV">987TV</channel>
    <channel update="i" site="toggle.sg" site_id="90" xmltv_id="Toggle Live">Toggle Live</channel>
    <channel update="i" site="toggle.sg" site_id="91" xmltv_id="Toggle Live 2">Toggle Live 2</channel>
    <channel update="i" site="toggle.sg" site_id="303" xmltv_id="Aniplus HD">Aniplus HD</channel>
    <channel update="i" site="toggle.sg" site_id="530" xmltv_id="Bloomberg">Bloomberg</channel>
    <channel update="i" site="toggle.sg" site_id="322" xmltv_id="Comedy Central">Comedy Central</channel>
    <channel update="i" site="toggle.sg" site_id="503" xmltv_id="Da Vinci Learning">Da Vinci Learning</channel>
    <channel update="i" site="toggle.sg" site_id="323" xmltv_id="Havoc 24/7">Havoc 24/7</channel>
    <channel update="i" site="toggle.sg" site_id="225" xmltv_id="Motorvision">Motorvision</channel>
    <channel update="i" site="toggle.sg" site_id="505" xmltv_id="Nick Jr.">Nick Jr.</channel>
    <channel update="i" site="toggle.sg" site_id="223" xmltv_id="Outdoor Channel">Outdoor Channel</channel>
  </channels>
</site>