<?xml version="1.0" encoding="UTF-8" standalone="yes"?>
<addon id="driver.dvb.sundtek-mediatv"
       name="Sundtek MediaTV"
       version="999.0.102"
       provider-name="libreelec.tv">
  <requires>
    <import addon="os.libreelec.tv" version="9.0"/>
    <import addon="xbmc.python" version="2.1.0"/>

  </requires>
  <extension point="xbmc.service" library="default.py">
    <provides></provides>
  </extension>
  <extension point="xbmc.addon.metadata">
    <summary>Sundtek MediaTV: a Linux driver to add support for SUNDTEK USB DVB devices</summary>
    <description>
Install this to add support for Sundtek USB DVB devices.
    </description>
    <disclaimer>

    </disclaimer>
    <platform>all</platform>
    <news>
8.0.102
- automatically update driver to latest version on first install
  show driver version in addon settings
  allow update for aarch64 architecture
  german translations

8.0.101
- system wait-for-online preference is now respected

8.0.100
- Update for LibreELEC 8.0

7.0.101
- added proper icon and description

7.0.100
- initial LibreELEC version    </news>
    <assets>
      <icon>resources/icon.png</icon>
      <fanart>resources/fanart.png</fanart>

    </assets>
  </extension>
</addon>
