<?xml version="1.0" encoding="UTF-8"?>
<addon id="audiodecoder.timidity" version="1.1.0.1" name="Timidity Audio Decoder" provider-name="spiff">
  <requires>
    <import addon="kodi.audiodecoder" version="1.0.0"/>
  </requires>
  <extension point="kodi.audiodecoder" name="mid" extension=".mid|.kar" library_linux="audiodecoder.timidity.so.1.1.0"/>
  <extension point="xbmc.addon.metadata">
    <summary lang="en">Timidity Audio Decoder</summary>
    <description lang="en">Timidity MIDI Audio Decoder</description>
    <platform>linux</platform>
  </extension>
</addon>
