<?xml version="1.0" encoding="UTF-8"?>
<addon id="game.libretro.cap32" name="Amstrad CPC (Caprice32)" version="4.2.0.101" provider-name="Libretro">
  <requires>
    <import addon="game.libretro" version="1.0.0"/>
  </requires>
  <extension point="kodi.gameclient" library_linux="game.libretro.cap32.so">
    <platforms>Amstrad</platforms>
    <extensions>dsk|sna|zip|tap|cdt|voc</extensions>
    <supports_vfs>false</supports_vfs>
    <supports_standalone>false</supports_standalone>
    <supports_keyboard>false</supports_keyboard>
    <supports_mouse>false</supports_mouse>
  </extension>
  <extension point="xbmc.addon.metadata">
    <summary lang="en">Amstrad CPC (Caprice32) 4.2</summary>
    <description>Supported files: .dsk, .sna, .zip, .tap, .cdt, .voc</description>
    <license>GPLv2</license>
    <platform>linux</platform>
  </extension>
</addon>
