<?xml version="1.0" encoding="UTF-8"?>
<addon id="audiodecoder.2sf" version="1.1.3.2" name="2SF Audio Decoder" provider-name="spiff">
  <requires>
    <import addon="kodi.binary.global.main" version="1.0.9"/>
    <import addon="kodi.binary.instance.audiodecoder" version="1.0.1"/>
  </requires>
  <extension point="kodi.audiodecoder" name="2sf" extension=".2sf|.mini2sf" tags="true" library_linux="audiodecoder.2sf.so.1.1.3"/>
  <extension point="xbmc.addon.metadata">
    <summary lang="en">2SF Audio Decoder</summary>
    <description lang="en">2SF Audio Decoder</description>
    <platform>linux</platform>
  </extension>
</addon>
