<?xml version="1.0" encoding="UTF-8"?>
<addon id="pvr.dvbviewer" version="3.0.6.2" name="DVBViewer Client" provider-name="A600, Manuel Mausz">
  <requires>
    <import addon="kodi.binary.global.main" version="1.0.9"/>
    <import addon="kodi.binary.instance.pvr" version="5.2.4"/>
  </requires>
  <extension point="xbmc.pvrclient" library_linux="pvr.dvbviewer.so.3.0.6"/>
  <extension point="xbmc.addon.metadata">
    <summary lang="af_ZA">Kodi se voorprogram vir DVBViewer</summary>
    <summary lang="be_BY">Kodi's frontend for DVBViewer</summary>
    <summary lang="bg_BG">Kodi клиент за DVBViewer</summary>
    <summary lang="ca_ES">Frontal de Kodi per a DVBViewer </summary>
    <summary lang="cs_CZ">Rozhraní Kodi pro DVBViewer</summary>
    <summary lang="cy_GB">Blaen Kodi ar gyfer DVBViewer</summary>
    <summary lang="da_DK">Kodi's frontend til DVBViewer</summary>
    <summary lang="de_DE">Kodi-Oberfläche für DVBViewer</summary>
    <summary lang="el_GR">Το frontend του Kodi για το DVBViewer</summary>
    <summary lang="en_AU">Kodi's frontend for DVBViewer</summary>
    <summary lang="en_GB">Kodi's frontend for DVBViewer</summary>
    <summary lang="en_NZ">Kodi's frontend for DVBViewer</summary>
    <summary lang="en_US">Kodi's frontend for DVBViewer</summary>
    <summary lang="es_AR">Frontend de Kodi para DVBViewer</summary>
    <summary lang="es_ES">Frontend de Kodi para DVBViewer</summary>
    <summary lang="es_MX">Kodi frontend para DVBViewer</summary>
    <summary lang="et_EE">Kodi esi DVBViewer'ile</summary>
    <summary lang="eu_ES">DBVViewer-erako Kodiren frontend-a</summary>
    <summary lang="fi_FI">Kodin DVBViewer-asiakasohjelma</summary>
    <summary lang="fr_CA">Frontal Kodi pour DVBViewer</summary>
    <summary lang="fr_FR">Interface logicielle pour DVBViewer</summary>
    <summary lang="gl_ES">Interface de Kodi para DVBViewer</summary>
    <summary lang="he_IL">לקוח טלוויזיה חיה עבור DVBViewer</summary>
    <summary lang="hr_HR">DVBViewer sučelje za Kodi</summary>
    <summary lang="hu_HU">Kodi előtét a DVBViewer-hez</summary>
    <summary lang="id_ID">Frontend Kodi untuk DVBViewer</summary>
    <summary lang="is_IS">Kodi framendi fyrir DVBViewer</summary>
    <summary lang="it_IT">Frontend Kodi per DVBViewer</summary>
    <summary lang="ja_JP">DVBViewer 用 Kodi フロントエンド</summary>
    <summary lang="ko_KR">DVBViewer Kodi 프론트엔드</summary>
    <summary lang="lt_LT">Kodi's sąsaja su DVBViewer</summary>
    <summary lang="lv_LV">Kodi galasistēma DVBViewer</summary>
    <summary lang="mk_MK">Kodi's интерфејс за DVBViewer</summary>
    <summary lang="ms_MY">Bahagian hadapan Kodi untuk DVBViewer</summary>
    <summary lang="mt_MT">Faċċata ta' Kodi għall-DVBViewer</summary>
    <summary lang="nb_NO">Kodi sin klientdel for DVBViewer</summary>
    <summary lang="nl_NL">Kodi's Frontend voor DVBViewer</summary>
    <summary lang="pl_PL">Klient telewizji dla DVBViewer</summary>
    <summary lang="pt_BR">Interface do Kodi para DVBViewer</summary>
    <summary lang="pt_PT">Estrutura Kodi para DVBViewer</summary>
    <summary lang="ro_RO">Interfața Kodi pentru DVBViewer</summary>
    <summary lang="ru_RU">Фронтэнд Kodi для DVBViewer</summary>
    <summary lang="sk_SK">Kodi rozhranie pre DVBViewer</summary>
    <summary lang="sl_SI">Kodijev vmesnik za DVBViewer</summary>
    <summary lang="sq_AL">"Frontend'i" i Kodi'së për DVBViewer</summary>
    <summary lang="sr_RS">Кодијев интерфејс за DVBViewer</summary>
    <summary lang="sr_RS@latin">Kodijev interfejs za DVBViewer</summary>
    <summary lang="sv_SE">Kodis gränssnitt för DVBViewer</summary>
    <summary lang="szl">Klijynt telewizyjny dlŏ DVBViewer</summary>
    <summary lang="th_TH">ส่วนหน้าของ Kodi สำหรับ DVBViewer</summary>
    <summary lang="tr_TR">DVBViewer için Kodi'nin ön ucu</summary>
    <summary lang="uk_UA">Надбудова Kodi для переглядача DVBViewer</summary>
    <summary lang="vi_VN">Giao tiếp của Kodi cho DVBViewer</summary>
    <summary lang="zh_CN">Kodi 的 DVBViewer 前端</summary>
    <summary lang="zh_TW">Kodi的前端DVBViewer</summary>
    <description lang="af_ZA">DVBViewer Opname Diens voorprogram; ondersteun stroom van lewendige TV, Tydhouers, Opnames &amp; EPG. Om die XML uittree vanaf die RS webkoppelvlak te ontleed word die xmlParser biblioteek gebruik, ontwikkel deur Frank Vanden Berghen (http://www.applied-mathematics.net/tools/xmlParser.html). Baie dankie hiervoor!</description>
    <description lang="be_BY">DVBViewer Recording Service frontend; supporting streaming of LiveTV, Timers, Recordings &amp; EPG. For parsing the XML output from the RS webinterface it uses the xmlParser library developed by Frank Vanden Berghen (http://www.applied-mathematics.net/tools/xmlParser.html). Many thanks for this!</description>
    <description lang="bg_BG">DVBViewer клиентска услуга за записване. Поддържа стрийминг и записване на телевизия, броячи и електронен програмен справочник. За разбор на XML изхода от RS уеб интерфейс, ползва библиотеката xmlParser разработена от Frank Vanden Berghen (http://www.applied-mathematics.net/tools/xmlParser.html). Благодарим му за това!</description>
    <description lang="ca_ES">Frontal del servei d'enregistrament de DVBViewer; compatible amb la transmissió de TV en directe, temporitzadors, enregistraments i guia electrònica de programació (EPG).</description>
    <description lang="cs_CZ">Rozhraní služby nahrávek DVBViewer. Podporuje proudové vysílání živého vysílání, nahrávky a EPG. Pro zpracování výstupu XML z webového rozhraní RS používá knihovnu xmlParser, kterou vyvinul Frank Vanden Berghen (http://www.applied-mathematics.net/tools/xmlParser.html). Za to mnohokrát děkujeme.</description>
    <description lang="cy_GB">Blaen DBViewer Recording Service; cynnal ffrydio Teledu Byw, Amseryddion, Recordio acAmserlenydd. Ar gyfer didoli allbwn XML o ryngwyneb RS mae'n defnyddio llyfrgell xmlParser ddatblygwyd gan Frank Vanden Berghen ( http://www.applied-mathematics.net/tools/xmlParser.html). Diolch yn fawr am hyn!</description>
    <description lang="da_DK">DVBViewer Recording Service frontend; Understøtter streaming af Direkte TV, Timere, Optagelser og EPG. For parsing af XML output fra RS webinterface bruges xmlParser biblioteket, der er udviklet af Frank Vanden Berghen (http://www.applied-mathematics.net/tools/xmlParser.html). Mange tak for dette!</description>
    <description lang="de_DE">Oberfläche für den DVBViewer-Aufnahmedienst; Unterstützt Live TV &amp; Aufnahmen, Timer und EPG. Für das Parsen der XML-Ausgabe der RS-Weboberfläche nutzt es die xmlParser-Bibliothek, entwickelt von Frank Vanden Berghen (http://www.applied-mathematics.net/tools/xmlParser.html). Vielen Dank dafür!⏎</description>
    <description lang="el_GR">Frontend για την Υπηρεσία Εγγραφών του DVBViewer. Υποστηρίζει ροές LiveTV, Χρονοδιακόπτες, Εγγραφές &amp; EPG.</description>
    <description lang="en_AU">DVBViewer Recording Service frontend; supporting streaming of LiveTV, Timers, Recordings &amp; EPG.</description>
    <description lang="en_GB">DVBViewer Recording Service frontend; supporting streaming of Live TV &amp; Recordings, EPG, Timers.</description>
    <description lang="en_NZ">DVBViewer Recording Service frontend; supporting streaming of LiveTV, Timers, Recordings &amp; EPG. For parsing the XML output from the RS webinterface it uses the xmlParser library developed by Frank Vanden Berghen (http://www.applied-mathematics.net/tools/xmlParser.html). Many thanks for this!</description>
    <description lang="en_US">DVBViewer Recording Service frontend; supporting streaming of LiveTV, Timers, Recordings &amp; EPG.</description>
    <description lang="es_AR">Frontend del Servicio de Grabaciones de DVBViewer; soportando transmisión de TV en Vivo, Temporizadores, Grabaciones y Guía de Programas. Para analizar la salida XML de la interfaz Web RS usa la librería xmlParser desarrollada por Frank Vanden Berghen (http://www.applied-mathematics.net/tools/xmlParser.html). ¡Mucas gracias por esto!⏎</description>
    <description lang="es_ES">Frontend del Servicio de Grabaciones de DVBViewer; soportando transmisión de TV en Vivo, Temporizadores, Grabaciones y Guía de Programas. Para analizar la salida XML de la interfaz Web RS usa la librería xmlParser desarrollada por Frank Vanden Berghen (http://www.applied-mathematics.net/tools/xmlParser.html).⏎</description>
    <description lang="es_MX">Frontend de servicio de grabación de DVBViewer; Soportando transmisión de TV en directo y grabaciones, EPG, Temporizadores.</description>
    <description lang="et_EE">DVBViewer salvestus serveri esi; toetab televisiooni striimimist, salvestamist ja elektroonilist saatekava. RS veebilehe XML väljundi parsimiseks kasutatakse Frank Vanden Berghen poolt arendatud xmlParser teeki (http://www.applied-mathematics.net/tools/xmlParser.html). Palju tänu selle eest!</description>
    <description lang="fi_FI">DVBViewer Recording Servicen asiakasohjelma. Tukee suorien tv-lähetysten ja tallennusten katsomista, ohjelmaopasta ja ohjelmien ajastamista.</description>
    <description lang="fr_CA">Frontal du service d'enregistrement de DVBViewer prenant en charge la diffusion en continu des télés en direct, les minuteries, les enregistrements, et le GÉP. </description>
    <description lang="fr_FR">Interface logicielle pour le service d'enregistrement (SE) DVBViewer ; gère la diffusion de la TV en direct, les programmations, les enregistrements et le guide électronique des programmes TV. Utilise la librairie xmlParser développée par Frank Vanden Berghen pour l'interprétation de la sortie XML de l'interface Web du SE (http://www.applied-mathematics.net/tools/xmlParser.html).</description>
    <description lang="gl_ES">Servizo da interface de gravación de DVBViewer, soporta a transmisión de TV en directo, temporizadores, gravacións e Guía. Para analizar a saída do XML da interface web RS fai uso da librería xmlParser desenrrolada por Frank Vanden Berghen (http://www.applied-mathematics.net/tools/xmlParser.html). Moitas Grazas!</description>
    <description lang="he_IL">לקוח טלוויזיה חיה של DVBViewer; תומך בהזרמת שידורים חיים והקלטות, הצגת לוח שידורים ותזמון הקלטות.</description>
    <description lang="hr_HR">DVBViewer pozadinski softver usluge snimanja; podržava stremanje televizije, zakazana snimanja, snimanje i EPG. Za prikupljanje podataka iz XML datoteka sa RS web sučelja koristi xmlParser zbirku koju je razvio Frank Vanden Berghen (http://www.applied-mathematics.net/tools/xmlParser.html).Puno hvala za ovo!⏎</description>
    <description lang="hu_HU">DVBViwer felvétel szolgáltatás előtét, ami támogatja az élő TV adásokat, felvételeket EPG-vel és időzítéssel.</description>
    <description lang="id_ID">Frontend Layanan Perekaman DVBViewer; Mendukung pengaliran TV secara langsung, Timer, Perekaman dan EPG. Untuk mengolah keluaran XML dari antar-muka web RS, akan menggunakan pustaka xmlParser yang dikembangkan oleh Frank Vanden Berghen (http://www.applied-mathematics.net/tools/xmlParser.html). Terimakasih untuk hal tersebut!</description>
    <description lang="is_IS">Framendi fyrir upptökuþjónustu DVBViewer; styður streymingu á LiveTV, tímatöku-upptökur og rafræna sjónvarpsvísa (EPG).</description>
    <description lang="it_IT">Frontend del servizio di registrazione DVBViewer; supporta lo streaming LiveTV, i timer, la registrazione e l'EPG. Per scansionare l'output XML dell'interfaccia web RS viene utilizzata la libreria xmlParser sviluppata da Frank Vanden Berghen (http://www.applied-mathematics.net/tools/xmlParser.html). Molte grazie per questo!</description>
    <description lang="ja_JP">DVBViewer 録画サービスのフロントエンドです。LiveTV のストリーミング視聴、タイマー、録画、EPG をサポートしています。RS web インターフェースの XML 出力の読み込みには Frank Vanden Berghen 氏の開発した xmlParser ライブラリ (http://www.applied-mathematics.net/tools/xmlParser.html) を使用しています。ありがとうございます！</description>
    <description lang="ko_KR">DVBViewer 녹화 서비스 프론트엔드; 라이브 TV 스트리밍, 녹화, EPG 지원. RS 웹인터페이스에서 XML을 추출하기 위해 Frank Vanden Berghen이 개발한 xmlParser를 이용합니다 (http://www.applied-mathematics.net/tools/xmlParser.html). Many thanks for this!</description>
    <description lang="lt_LT">DVBViewer įrašymo paslaugų sąsajos; remia transliaciją LiveTV, Taimeriai, įrašų ir EPG.</description>
    <description lang="lv_LV">DVBViewer ierakstīšanas servisa galasistēma; atbalsta tiešraides TV straumēšanu, taimerus, ierakstus un EPG.</description>
    <description lang="mk_MK">DVBViewer Recording Service frontend; supporting streaming of LiveTV, Timers, Recordings &amp; EPG. For parsing the XML output from the RS webinterface it uses the xmlParser library developed by Frank Vanden Berghen (http://www.applied-mathematics.net/tools/xmlParser.html). Many thanks for this!</description>
    <description lang="ms_MY">Bahagian hadapan perkhidmatan Rakaman DVBViewer; menyokong penstriman bagi TV Langsung, Pemasa, Rakaman &amp; EPG. Untuk menghurai output XML dari webinterface RS ia gunakan pustaka penghurai xml yang dibangunkan oleh Frank Vanden Berghen (http://www.applied-mathematics.net/tools/xmlParser.html). Terima kasih!⏎</description>
    <description lang="mt_MT">Faċċata għas-Servizz ta' Rekording DVBViewer; jiflaħ streaming ta' TV Lajv u Rekordings, EPG, Arloġġi.</description>
    <description lang="nb_NO">DVBViewer Recording Service frontend; støtter streaming av live TV, timere, Opptak og EPG. For å legge til XML utdata fra RS webinterface bruker det xmlParser bibloteket laget av Frank Vanden Berghen (http://www.applied-mathematics.net/tools/xmlParser.html). Mange takk for dette!</description>
    <description lang="nl_NL">DVBViewer opnamen service frontend; ondersteunt streaming van LiveTV, Timers, opnamen&amp; EPG. Voor parsing de XML output van de RS webinterface gebruikt het de xmlParser bibliotheek ontwikkelt door Frank van den Berghen (http://www.applied-mathematics.net/tools/xmlParser.html) Hartelijk bedankt voor dit!</description>
    <description lang="pl_PL">Klient telewizji dla usługi DVBViewer Recording Service obsługuje transmisje kanałów radiowych i telewizyjnych, nagrywanie i harmonogram nagrań oraz funkcje przewodnika programów.</description>
    <description lang="pt_BR">DVBViewer frontend Serviço de gravações, suporta streaming de  TV ao Vivo, Agendamentos, Gravações e EPG. Para analisar a saída XML do RS webinterface ele usa a biblioteca XmlParser desenvolvido por Frank Vanden Berghen (http://www.applied-mathematics.net/tools/xmlParser.html). Muito obrigado por isso!</description>
    <description lang="pt_PT">Frontend para o serviço de gravação DVBViewer; permite transmissão de TV em directo, temporizadores, gravações e EPG.</description>
    <description lang="ro_RO">Partea din față pentru serviciul de înregistrare alDVBViewer; suportă difuzarea î flux a televiziunii în direct și a înregistrărilor, EPG, Cronometre</description>
    <description lang="ru_RU">Фронтэнд сервиса записи DVBViewer; поддерживает потоковое вещание ТВ, таймеры, запись и ЕПГ. Для разбора XML-вывода RS-интерфейса использует библиотеку xmlParser, написанную Frank Vanden Berghen (http://www.applied-mathematics.net/tools/xmlParser.html). За что благодарим его!⏎</description>
    <description lang="sk_SK">Rozhranie pre spoluprácu s nahrávacou službou aplikácie DVBViewer; podporuje streamovanie živej televízie, časovače, nahrávky a EPG. Na získavanie dát zo XML výstupu z RS webového rozhrania používa knižnicu xmlParser, ktorú vyvinul Frank Vanden Berghen (http://www.applied-mathematics.net/tools/xmlParser.html). Za to mu veľmi ďakujeme!</description>
    <description lang="sl_SI">Vmesnik za DVBViewer; podpira pretakanje televizije v živo, časovnike, snemanje &amp; EPG.</description>
    <description lang="sq_AL">DVBViewer Recording Service frontend; përkrahën transmetimin té LiveTV, Orarin, Regjistrime &amp; EPG. Për të bërë "parsing" i XML prej RS "webinterface'it" ky përdorën bibliotekën të "xmlParser'it" që është zhvilluar nga Frank van den Berghen (http://www.applied-mathematics.net/tools/xmlParser.html). Many thanks for this!. Shum i falemnderohemi!</description>
    <description lang="sr_RS">Интерфејс Сервиса Снимања DVBViewer-a; подржава стримовање ТВ Уживо &amp; Снимака, EPG, Тајмере.</description>
    <description lang="sr_RS@latin">Interfejs Servisa Snimanja DVBViewer-a; podržava strimovanje TV Uživo &amp; Snimaka, EPG, Tajmere.</description>
    <description lang="sv_SE">DVBViewers gränssnitt för inspelningstjänst, stödjer strömning av direktsänd TV, timers, inspelningar och EPG. För att tolka XML-data från RS-webbgränssnitt använder den biblioteket xmlParser utvecklat av Frank Vanden Berghen (http://www.applied-mathematics.net/tools/xmlParser.html). Många tack för detta!</description>
    <description lang="szl">Klijynt telewizyjny dlŏ posugi DVBViewer Recording Service ôbsuguje szpricowanie kanałōw radyjowych i telewizyjnych, nagrowanie i harmōnogram nagrań aji funkcyje EPG.</description>
    <description lang="th_TH">ส่วนหน้า DVBViewer Recording Service; ให้การรองรับ สัญญาณทีวีสด &amp; การบันทึก, EPG, การตั้งเวลา</description>
    <description lang="tr_TR">DVBViewer Kaydetme Hizmeti arka ucu; Canlı TV yayınını, zamanlayıcıları, kayıtları ve EPG destekler. </description>
    <description lang="uk_UA">Накладка на сервіс запису DVBViewer'а; підтримує потокове LiveTV, таймери, запис та телегід. Для обробки виводу XML з RS веб-інтерфейсу використовує бібліотеку xmlParser, розроблену Франком Ванденом Бергеном (http://www.applied-mathematics.net/tools/xmlParser.html). Велика подяка йому за це!</description>
    <description lang="vi_VN">Giao tiếp DVBViewer Recording Service; hỗ trợ phát streaming LiveTV, hẹn giờ, thu chương trình và hiển thị lịch chiếu (EPG). Sử dụng trích xuất XML từ RS webinterface dựa trên thư viện xmlParser phát triển bởi Frank Vanden Berghen (http://www.applied-mathematics.net/tools/xmlParser.html). Xin cảm ơn rất nhiều!</description>
    <description lang="zh_CN">DVBViewer 录像服务前端。支持直播电视、定时器、录像及电子节目单。</description>
    <description lang="zh_TW">DVBViewer錄影服務前端；支援電視直播串流，計時器，錄影以及電子節目表功能。</description>
    <disclaimer lang="af_ZA">Hierdie is onstabiele sagteware! Die outeurs is op geen manier verantwoordelik vir gefaalde opnames, inkorrekte tydhouers, vermorsde ure, of enige ander ongewensde effekte.</disclaimer>
    <disclaimer lang="be_BY">This is unstable software! The authors are in no way responsible for failed recordings, incorrect timers, wasted hours, or any other undesirable effects..</disclaimer>
    <disclaimer lang="bg_BG">Тази програма е нестабилна! Авторите не носят отговорност за неуспешно записване, некоректни броячи, пропиляното време и други нежелани ефекти.</disclaimer>
    <disclaimer lang="ca_ES">Aquest és programari inestable! Els autors no són de cap manera responsables dels enregistraments que fallin, temporitzadors incorrectes, hores perdudes, o qualssevol altre efecte indesitjable.</disclaimer>
    <disclaimer lang="cs_CZ">Tento software není stabilní. Autoři nejsou žádným způsobem zodpovědní za selhání při nahrávání, neplatné časovače, ztracený čas, či jakékoliv jiné nežádoucí události...</disclaimer>
    <disclaimer lang="cy_GB">Mae hwn yn feddalwedd ansad! Nid yw'r awduron yn gyfrifol mewn unrhyw ffordd am fethu recordio, amseru gwallus, oriau wedi eu gwastraffu nac effeithiau anymunol eraill.</disclaimer>
    <disclaimer lang="da_DK">Dette er ustabil software! Ophavsmændene er på ingen måde ansvarlige for mislykkede optagelser, fejlagtige timere, spildte timer, eller andre uønskede konsekvenser.</disclaimer>
    <disclaimer lang="de_DE">Dies ist instabile Software! Die Autoren sind in keiner Weise verantwortlich für fehlgeschlagene Aufnahmen, falsche Timer, verschwendete Zeit oder andere ungewünschte Effekte.</disclaimer>
    <disclaimer lang="el_GR">Ασταθές πρόγραμμα! Οι δημιουργοί δεν είναι σε καμία περίπτωση υπεύθυνοι για αποτυχημένες εγγραφές, λανθασμένους χρονοδιακόπτες, χαμένες ώρες, ή κάθε είδους ανεπιθύμητα αποτελέσματα..</disclaimer>
    <disclaimer lang="en_AU">This is unstable software! The authors are in no way responsible for failed recordings, incorrect timers, wasted hours, or any other undesirable effects..</disclaimer>
    <disclaimer lang="en_GB">This is unstable software! The authors are in no way responsible for failed recordings, incorrect timers, wasted hours, or any other undesirable effects..</disclaimer>
    <disclaimer lang="en_NZ">This is unstable software! The authors are in no way responsible for failed recordings, incorrect timers, wasted hours, or any other undesirable effects..</disclaimer>
    <disclaimer lang="en_US">This is unstable software! The authors are in no way responsible for failed recordings, incorrect timers, wasted hours, or any other undesirable effects..</disclaimer>
    <disclaimer lang="es_AR">¡Este software es inestable! Los autores no se responsabilizan por grabaciones fallidas, temporizadores incorrectos, horas perdidas, o cualquier otro efecto no deseado..</disclaimer>
    <disclaimer lang="es_ES">¡Este software es aún inestable! Los autores no son responsables en forma alguna por grabaciones fallidas, temporizaciones incorrectas, tiempo perdido o ningún otro efecto no deseado.</disclaimer>
    <disclaimer lang="es_MX">¡Esto es software inestable! Los autores no son de ninguna manera responsables por grabaciones fallidas, temporizadores incorrectos, horas perdidas o cualquier otro efecto no deseado...</disclaimer>
    <disclaimer lang="et_EE">See on ebastabiilne tarkvara! Autorid ei ole kuidagi moodi vastutavad nurjunud salvestiste, ebaõige aegrelee, raisatud tundide ega muude soovimatute asjade eest.</disclaimer>
    <disclaimer lang="fi_FI">Tämä on epävakaa ohjelma! Sen tekijät eivät ole millään muotoa vastuussa epäonnistuneista tallennuksista, virheellisistä ajastuksista, haaskatusta ajasta, verenpaineen noususta tai mistään muusta epäsuotuisasta vaikutuksesta.</disclaimer>
    <disclaimer lang="fr_CA">Ce logiciel est instable! Les auteurs ne sont aucunement responsables des enregistrements défaillants, des minuteries erronées, des heures perdues ou tout autre effet indésirable.</disclaimer>
    <disclaimer lang="fr_FR">Logiciel en cours d'élaboration ! Les auteurs ne sont en aucun cas responsables de l'échec des enregistrements, programmations défectueuses, temps perdu ou autres effets indésirables.</disclaimer>
    <disclaimer lang="gl_ES">Este é software non estable, os autores non se fan responsábeis dos erros na gravacións, temporizadores incorrectos, e outros efectos non desexados.</disclaimer>
    <disclaimer lang="he_IL">זוהי איננה הרחבה יציבה! המפתחים אינם אחראים על כשלון בניגון, זמנים שגויים במדריך השידורים, שעות מבוזבזות או כל תופעה לא רצויה אחרת.</disclaimer>
    <disclaimer lang="hr_HR">Ovo je nestabilan softver! Autori nisu ni na koji način odgovorani za neuspjelo snimanje, netočna zakazana snimanja, izgubjene sate, ili bilo koje druge neželjene učinke ..</disclaimer>
    <disclaimer lang="hu_HU">Ez nem stabil szoftver! A készítők nem vállalnak felelősséget, a hibás felvételért, rossz időzítésért, elvesztegetett időért...</disclaimer>
    <disclaimer lang="hy_AM">Սա անկայուն ծրագրային ապահովում է: Հեղինակները պատասխանատու չեն վատ ձայնագրումների, սխալ ժամանակացույցերի, կորած ժամանակի կամ այլ ոչ ցանկալի երևույթների համար:</disclaimer>
    <disclaimer lang="id_ID">Ini merupakan software yang tidak stabil! Penulis tidak bertanggung jawab untuk rekaman gagal, timer salah, waktu terbuang, atau efek tak diinginkan lainnya...</disclaimer>
    <disclaimer lang="is_IS">Þetta er óstöðugur hugbúnaður! Höfundarnir eru á engan hátt ábyrgir fyrir misheppnuðum upptökum, röngum upptökutímum, klukkustundum sem að fóru í súginn eða nokkrum öðrum óæskilegum áhrifum.</disclaimer>
    <disclaimer lang="it_IT">Questo software è instabile! Gli autori non sono in alcun modo responsabili per registrazioni fallite, timers incorretti, ore perse, o qualsiasi altro effetto indesiderato.</disclaimer>
    <disclaimer lang="ja_JP">これは不安定なソフトウェアです！本プログラムの作者は、録画の失敗、正確に作動しなかったタイマー、無駄にした時間、その他あらゆる好ましくない結果について責任を負わないものとします。</disclaimer>
    <disclaimer lang="ko_KR">이 소프트웨어는 불안정합니다! 제작자는 녹화 실패, 부정확한 타이머, 시간 낭비 및 기타 예상하지 못한 결과에 대해 책임지지 않습니다..</disclaimer>
    <disclaimer lang="lt_LT">Tai yra nestabili programinė įranga! Autorius jokiu būdu neatsakingas už nepavykusius įrašus, neteisingus laikmačius, iššvaistytas valandas, ar nutikus kitiems nepageidaujamiems poveikiams ...[COLOR=red](Kodi.lt siūlo/rekomenduoja testuojant šį priedą persijungti į Anglų [orinali] kalbą)[/COLOR]</disclaimer>
    <disclaimer lang="lv_LV">Šī ir nestabila programmatūra! Autori nav atbildīgi par nesanākušiem ierakstiem, nepareiziem taimeriem, iztērētām stundām vai jebkādiem citiem nevēlamiem efektiem..</disclaimer>
    <disclaimer lang="mk_MK">Ова е нестабилен софтвер! Авторите на ниту еден начин не одговараат за неуспешни снимки, неточни тајмери, залудно потрошени часови, или било кои други несакани ефекти.</disclaimer>
    <disclaimer lang="mn_MN">Тус програм нь гүйцэд хийгдэж дуусаагүй! Зохиогч нь алдаатай бичлэг, цагийн буруу хөтлөлт, алдагдсан цаг хугацаа эсвэл бусад ямар нэгэн хүсээгүй үр дүнд хариуцлага хүлээхгүй.</disclaimer>
    <disclaimer lang="ms_MY">Ini merupakan perisian tidak stabil! Pengarang tidak bertanggungjawab atas kegagalan rakaman, pemasa tidak betul, masa yang dibazirkan, atau apa jua kesan yang tidak dikehendaki..</disclaimer>
    <disclaimer lang="mt_MT">Dan il-programm mhuwiex stabbli! L-Awturi m'humiex responsabbli bl-ebda mod għal rekordings li ma jirnexxewx, arloġġi żbaljati, siegħat moħlija, jew kwalunkwe effett ieħor mhux mixtieq.</disclaimer>
    <disclaimer lang="nb_NO">Dette er ustabil programvare! Skaperen har på ingen måte ansvar for ødelagte opptak, feilstilte tidsur, bortkastede timer, eller andre uønskede effekter...</disclaimer>
    <disclaimer lang="nl_NL">Deze software is niet 100% stabiel! De auteurs zijn op geen enkele wijze aansprakelijk voor mislukte opnames, verspilde tijd, of enig ander ongewild neveneffect..</disclaimer>
    <disclaimer lang="pl_PL">Oprogramowanie nadal jest w fazie rozwoju i jest niestabilne! Autorzy w żaden sposób nie są odpowiedzialni za nieudane nagrania, błędy w harmonogramie nagrań, zmarnowany czas ani jakiekolwiek inne niepożądane efekty.</disclaimer>
    <disclaimer lang="pt_BR">Este é um software instável! Os autores não são responsáveis por falhas nas gravações, agendamentos incorretos, horas desperdiçadas, ou quaisquer outros efeitos indesejáveis.</disclaimer>
    <disclaimer lang="pt_PT">Este software é instável! Os autores não são de forma alguma responsáveis por gravações falhadas, temporizadores incorretos, horas desperdiçadas ou qualquer outro tipo de efeitos indesejáveis.</disclaimer>
    <disclaimer lang="ro_RO">Acesta nu este o aplicație definitivă! Autorii nu sunt în nici un fel responsabili pentru înregistrări eșuate, cronometre incorecte, ore pierdute, sau orice alte efecte nedorite...</disclaimer>
    <disclaimer lang="ru_RU">Это нестабильная программа! Авторы не несут ответственности за неудачные записи, неверные таймеры, потраченное время и прочие нежелательные эффекты.</disclaimer>
    <disclaimer lang="si_LK">මෙය අස්ථිර මෘදුකාංගයකි! මෙහි සිදුවන පටිගත කිරීම් අසාර්ථක වීම්, සාවද්‍ය මුහුර්තක, නාස්ති වූ කාලයන්, හෝ වෙනත් යමිකිසි නුසුදුසු බලපෑම් සඳහා කතෘ වග කියනු නොලැබේ.</disclaimer>
    <disclaimer lang="sk_SK">Tento softvér nie je stabilný! Autori nenesú žiadnu zodpovednosť za chybné nahrávky vysielania, nesprávne časovače alebo iné neželané udalosti spôsobené týmto softvérom..</disclaimer>
    <disclaimer lang="sl_SI">To je nestabilna programska oprema! Avtorji niso odgovorni za neuspela snemanja, nepravilne časovnike, zapravljen čas in katerikoli drug neželen učinek...</disclaimer>
    <disclaimer lang="sq_AL">Ky program nuk është ende stabil! Autorët së këtij programi nuk janë në as një menyr përgjegjës për rregistrime të gabuara, timer të pasaktë, kohë të humbur ose efekte të tillë të padëshirueshëm.</disclaimer>
    <disclaimer lang="sr_RS">Овај софтвер је нестабилан! Аутори ни на који начин нису одговорни за неуспела снимања, неисправне тајмере, изгубљене сате, или било које друге нежељене ефекте...</disclaimer>
    <disclaimer lang="sr_RS@latin">Ovaj softver je nestabilan! Autori ni na koji način nisu odgovorni za neuspela snimanja, neispravne tajmere, izgubljene sate, ili bilo koje druge neželjene efekte...</disclaimer>
    <disclaimer lang="sv_SE">Detta är ostabil mjukvara! Upphovsmännen är inte ansvariga för misslyckade inspelningar, inkorrekta timers, bortslösade timmar, eller några andra oönskade effekter..</disclaimer>
    <disclaimer lang="szl">To je niystabilny softwer! Autōry niy sōm ôdpedzialne za niypodarzōne graniy, niynŏleżne godziny EPG, stracōne godziny i inksze niychciane efekty.</disclaimer>
    <disclaimer lang="te_IN">ఇది అస్థిర సాఫ్ట్వేర్! విఫలమైన రికార్డింగ్లు, తప్పు టైమర్లు, వృధా గంటల, లేదా ఏ ఇతర అవాంఛనీయ ప్రభావాలకు ఏ విధంగా రచయితలు భాద్యుతులు కారు.</disclaimer>
    <disclaimer lang="tg_TJ">Ин нармафзори ноустувор аст! Муаллифон барои вайрониҳои сабт, вақтсанҷҳои нодуруст, соатҳои бефоида ва дигар таъсирҳои номатлуб ҷавобгар намебошанд.</disclaimer>
    <disclaimer lang="th_TH">นี่คือโปรแกรมที่ยังไม่เสถียร! ผู้เขียนไม่อยู่ในทางที่จะรับผิดชอบในการบันทึกที่ล้มเหลว, การตั้งเวลาที่ไม่ถูกต้อง, การเสียเวลา, หรือผลกระทบที่ไม่พึงประสงค์อื่น ๆ..</disclaimer>
    <disclaimer lang="tr_TR">Bu kararsız bir yazılımdır! Yapımcılar hatalı kayıtlardan, bozuk sürelerden, harcanan vakitten veya herhangi bir olumsuz etkiden dolayı sorumlu tutulamaz.</disclaimer>
    <disclaimer lang="uk_UA">Це нестабільна програма! Автори не несуть відповідальності за попсуті записи, неправильні таймери, втрачений час та інші небажані ефекти.</disclaimer>
    <disclaimer lang="vi_VN">Đây là phần mềm không ổn định! Các tác giả sẽ không chịu trách nhiệm nào với các bản ghi thất bại, bị đặt giờ sai, giờ lãng phí, hoặc các tác dụng không mong muốn khác..</disclaimer>
    <disclaimer lang="zh_CN">这是不稳定版的软件！作者不对录像失败、错误定时造成时间浪费或其它不良影响负责。</disclaimer>
    <disclaimer lang="zh_TW">這是測試版軟體！其原創作者並無法對於以下情況負責，包含：錄影失敗，不正確的定時設定，多餘時數，或任何產生的其它不良影響...</disclaimer>
    <platform>linux</platform>
  </extension>
</addon>
