<?xml version="1.0" encoding="UTF-8"?>
<addon id="peripheral.xarcade" version="1.0.0.100" name="X-Arcade Tankstick Driver" provider-name="Team-Kodi">
  <requires>
    <c-pluff version="0.1"/>
    <import addon="kodi.peripheral" version="1.2.0"/>
  </requires>
  <extension point="kodi.peripheral" provides_joysticks="true" library_linux="peripheral.xarcade.so.1.0.0"/>
  <extension point="xbmc.addon.metadata">
    <summary lang="en">X-Arcade Tankstick driver</summary>
    <description lang="en">This driver enables input from the X-Arcade Tankstick.</description>
    <platform>linux</platform>
    <nofanart>true</nofanart>
  </extension>
</addon>
