<?xml version="1.0" encoding="UTF-8"?>
<addon id="game.libretro.fmsx" name="MSX (fMSX)" version="3.9.0.101" provider-name="Libretro">
  <requires>
    <import addon="game.libretro" version="1.0.0"/>
  </requires>
  <extension point="kodi.gameclient" library_linux="game.libretro.fmsx.so">
    <platforms>MSX</platforms>
    <extensions>rom|mx1|mx2</extensions>
    <supports_vfs>false</supports_vfs>
    <supports_standalone>false</supports_standalone>
    <supports_keyboard>false</supports_keyboard>
    <supports_mouse>false</supports_mouse>
  </extension>
  <extension point="xbmc.addon.metadata">
    <summary lang="en">MSX (fMSX) 3.9</summary>
    <description>Source: https://github.com/libretro/fmsx-libretro

Supported files: .rom, .mx1, .mx2</description>
    <license>Non-commercial</license>
    <platform>linux</platform>
  </extension>
</addon>
