<?xml version="1.0" encoding="UTF-8"?>
<addon id="game.libretro.beetle-pce-fast" name="PC Engine/PCE-CD (Mednafen PCE FAST)" version="0.9.38.101" provider-name="Libretro">
  <requires>
    <import addon="game.libretro" version="1.0.0"/>
  </requires>
  <extension point="kodi.gameclient" library_linux="game.libretro.beetle-pce-fast.so">
    <platforms>PCE</platforms>
    <extensions>pce|cue|ccd</extensions>
    <supports_vfs>false</supports_vfs>
    <supports_standalone>false</supports_standalone>
    <supports_keyboard>false</supports_keyboard>
    <supports_mouse>false</supports_mouse>
  </extension>
  <extension point="xbmc.addon.metadata">
    <summary lang="en">PC Engine/PCE-CD (Mednafen PCE FAST) v0.9.38.7</summary>
    <description>Beetle PCE Fast, a PC Engine emulator for Libretro, is a fork of Mednafen's PC Engine driver.

Supported files: .pce, .cue, .ccd</description>
    <license>GPLv2</license>
    <platform>linux</platform>
    <assets>
      <screenshot>resources/screenshot-01.jpg</screenshot>
      <screenshot>resources/screenshot-02.jpg</screenshot>
      <screenshot>resources/screenshot-03.jpg</screenshot>
    </assets>
  </extension>
</addon>
