﻿<?xml version="1.0" encoding="UTF-8"?>
<site generator-info-name="WebGrab+Plus/w MDB &amp; REX Postprocess -- version V1.56.28.2 -- Jan van Straaten" site="tv.yandex.ru">
  <channels>
    <channel update="i" site="tv.yandex.ru" site_id="146" xmltv_id="Первый">Первый</channel>
    <channel update="i" site="tv.yandex.ru" site_id="711" xmltv_id="Россия 1">Россия 1</channel>
    <channel update="i" site="tv.yandex.ru" site_id="1593" xmltv_id="Матч!">Матч!</channel>
    <channel update="i" site="tv.yandex.ru" site_id="162" xmltv_id="НТВ">НТВ</channel>
    <channel update="i" site="tv.yandex.ru" site_id="427" xmltv_id="Пятый канал">Пятый канал</channel>
    <channel update="i" site="tv.yandex.ru" site_id="187" xmltv_id="Культура">Культура</channel>
    <channel update="i" site="tv.yandex.ru" site_id="1683" xmltv_id="Россия 24">Россия 24</channel>
    <channel update="i" site="tv.yandex.ru" site_id="740" xmltv_id="Карусель">Карусель</channel>
    <channel update="i" site="tv.yandex.ru" site_id="1000" xmltv_id="Общественное телевидение России">Общественное телевидение России</channel>
    <channel update="i" site="tv.yandex.ru" site_id="649" xmltv_id="ТВ Центр">ТВ Центр</channel>
    <channel update="i" site="tv.yandex.ru" site_id="18" xmltv_id="РЕН ТВ">РЕН ТВ</channel>
    <channel update="i" site="tv.yandex.ru" site_id="447" xmltv_id="Спас ТВ">Спас ТВ</channel>
    <channel update="i" site="tv.yandex.ru" site_id="79" xmltv_id="СТС">СТС</channel>
    <channel update="i" site="tv.yandex.ru" site_id="304" xmltv_id="Домашний">Домашний</channel>
    <channel update="i" site="tv.yandex.ru" site_id="698" xmltv_id="ТВ-3">ТВ-3</channel>
    <channel update="i" site="tv.yandex.ru" site_id="1003" xmltv_id="Пятница">Пятница</channel>
    <channel update="i" site="tv.yandex.ru" site_id="405" xmltv_id="Звезда">Звезда</channel>
    <channel update="i" site="tv.yandex.ru" site_id="726" xmltv_id="МИР">МИР</channel>
    <channel update="i" site="tv.yandex.ru" site_id="353" xmltv_id="ТНТ">ТНТ</channel>
    <channel update="i" site="tv.yandex.ru" site_id="897" xmltv_id="МУЗ-ТВ">МУЗ-ТВ</channel>
    <channel update="i" site="tv.yandex.ru" site_id="150" xmltv_id="Канал Disney">Канал Disney</channel>
    <channel update="i" site="tv.yandex.ru" site_id="1598" xmltv_id="Че">Че</channel>
    <channel update="i" site="tv.yandex.ru" site_id="1649" xmltv_id="ТНТ4">ТНТ4</channel>
    <channel update="i" site="tv.yandex.ru" site_id="898" xmltv_id="Ю">Ю</channel>
    <channel update="i" site="tv.yandex.ru" site_id="323" xmltv_id="2x2">2x2</channel>
    <channel update="i" site="tv.yandex.ru" site_id="655" xmltv_id="Москва. Доверие">Москва. Доверие</channel>
    <channel update="i" site="tv.yandex.ru" site_id="335" xmltv_id="Семья">Семья</channel>
    <channel update="i" site="tv.yandex.ru" site_id="161" xmltv_id="360° Подмосковье">360° Подмосковье</channel>
    <channel update="i" site="tv.yandex.ru" site_id="334" xmltv_id="Москва-24">Москва-24</channel>
    <channel update="i" site="tv.yandex.ru" site_id="1046" xmltv_id="Эхо TV">Эхо TV</channel>
    <channel update="i" site="tv.yandex.ru" site_id="1037" xmltv_id="Кино ТВ">Кино ТВ</channel>
    <channel update="i" site="tv.yandex.ru" site_id="918" xmltv_id="AMEDIA 2">AMEDIA 2</channel>
    <channel update="i" site="tv.yandex.ru" site_id="935" xmltv_id="Sony Turbo">Sony Turbo</channel>
    <channel update="i" site="tv.yandex.ru" site_id="516" xmltv_id="SONY SCI-FI">SONY SCI-FI</channel>
    <channel update="i" site="tv.yandex.ru" site_id="608" xmltv_id="AMC">AMC</channel>
    <channel update="i" site="tv.yandex.ru" site_id="127" xmltv_id="TV1000">TV1000</channel>
    <channel update="i" site="tv.yandex.ru" site_id="267" xmltv_id="TV1000 Русское кино">TV1000 Русское кино</channel>
    <channel update="i" site="tv.yandex.ru" site_id="309" xmltv_id="TV XXI">TV XXI</channel>
    <channel update="i" site="tv.yandex.ru" site_id="834" xmltv_id="Дом кино">Дом кино</channel>
    <channel update="i" site="tv.yandex.ru" site_id="123" xmltv_id="Иллюзион +">Иллюзион +</channel>
    <channel update="i" site="tv.yandex.ru" site_id="798" xmltv_id="Индия ТВ">Индия ТВ</channel>
    <channel update="i" site="tv.yandex.ru" site_id="462" xmltv_id="Киноклуб">Киноклуб</channel>
    <channel update="i" site="tv.yandex.ru" site_id="22" xmltv_id="Кинопоказ">Кинопоказ</channel>
    <channel update="i" site="tv.yandex.ru" site_id="542" xmltv_id="Кинохит">Кинохит</channel>
    <channel update="i" site="tv.yandex.ru" site_id="518" xmltv_id="Настоящее Страшное Телевидение">Настоящее Страшное Телевидение</channel>
    <channel update="i" site="tv.yandex.ru" site_id="12" xmltv_id="Наше кино">Наше кино</channel>
    <channel update="i" site="tv.yandex.ru" site_id="485" xmltv_id="Наше Новое Кино">Наше Новое Кино</channel>
    <channel update="i" site="tv.yandex.ru" site_id="566" xmltv_id="Премьера">Премьера</channel>
    <channel update="i" site="tv.yandex.ru" site_id="53" xmltv_id="Русский Иллюзион">Русский Иллюзион</channel>
    <channel update="i" site="tv.yandex.ru" site_id="163" xmltv_id="Телеклуб">Телеклуб</channel>
    <channel update="i" site="tv.yandex.ru" site_id="686" xmltv_id="Феникс+ Кино">Феникс+ Кино</channel>
    <channel update="i" site="tv.yandex.ru" site_id="659" xmltv_id="FOX">FOX</channel>
    <channel update="i" site="tv.yandex.ru" site_id="615" xmltv_id="Fox Life">Fox Life</channel>
    <channel update="i" site="tv.yandex.ru" site_id="352" xmltv_id="Еврокино">Еврокино</channel>
    <channel update="i" site="tv.yandex.ru" site_id="145" xmltv_id="Мир сериала">Мир сериала</channel>
    <channel update="i" site="tv.yandex.ru" site_id="644" xmltv_id="Кино Плюс">Кино Плюс</channel>
    <channel update="i" site="tv.yandex.ru" site_id="125" xmltv_id="TV1000 Action">TV1000 Action</channel>
    <channel update="i" site="tv.yandex.ru" site_id="477" xmltv_id="РТВ - Любимое кино">РТВ - Любимое кино</channel>
    <channel update="i" site="tv.yandex.ru" site_id="311" xmltv_id="SET">SET</channel>
    <channel update="i" site="tv.yandex.ru" site_id="799" xmltv_id="Много ТВ">Много ТВ</channel>
    <channel update="i" site="tv.yandex.ru" site_id="821" xmltv_id="Комедия ТВ">Комедия ТВ</channel>
    <channel update="i" site="tv.yandex.ru" site_id="401" xmltv_id="Русский роман">Русский роман</channel>
    <channel update="i" site="tv.yandex.ru" site_id="994" xmltv_id="Русский бестселлер">Русский бестселлер</channel>
    <channel update="i" site="tv.yandex.ru" site_id="911" xmltv_id="CBS Drama">CBS Drama</channel>
    <channel update="i" site="tv.yandex.ru" site_id="1371" xmltv_id="Amedia1">Amedia1</channel>
    <channel update="i" site="tv.yandex.ru" site_id="1570" xmltv_id="Русский Детектив">Русский Детектив</channel>
    <channel update="i" site="tv.yandex.ru" site_id="1584" xmltv_id="Мужское кино">Мужское кино</channel>
    <channel update="i" site="tv.yandex.ru" site_id="1620" xmltv_id="Комедия">Комедия</channel>
    <channel update="i" site="tv.yandex.ru" site_id="1674" xmltv_id="R1">R1</channel>
    <channel update="i" site="tv.yandex.ru" site_id="1680" xmltv_id="Наше ТВ">Наше ТВ</channel>
    <channel update="i" site="tv.yandex.ru" site_id="1036" xmltv_id="История">История</channel>
    <channel update="i" site="tv.yandex.ru" site_id="1330" xmltv_id="Планета HD">Планета HD</channel>
    <channel update="i" site="tv.yandex.ru" site_id="928" xmltv_id="Discovery Восточная Европа">Discovery Восточная Европа</channel>
    <channel update="i" site="tv.yandex.ru" site_id="365" xmltv_id="Animal Planet">Animal Planet</channel>
    <channel update="i" site="tv.yandex.ru" site_id="325" xmltv_id="Discovery Channel">Discovery Channel</channel>
    <channel update="i" site="tv.yandex.ru" site_id="409" xmltv_id="Discovery Science">Discovery Science</channel>
    <channel update="i" site="tv.yandex.ru" site_id="102" xmltv_id="National Geographic">National Geographic</channel>
    <channel update="i" site="tv.yandex.ru" site_id="55" xmltv_id="Ocean TV">Ocean TV</channel>
    <channel update="i" site="tv.yandex.ru" site_id="521" xmltv_id="Viasat Explore">Viasat Explore</channel>
    <channel update="i" site="tv.yandex.ru" site_id="277" xmltv_id="Viasat History">Viasat History</channel>
    <channel update="i" site="tv.yandex.ru" site_id="669" xmltv_id="Время">Время</channel>
    <channel update="i" site="tv.yandex.ru" site_id="273" xmltv_id="Зоо ТВ">Зоо ТВ</channel>
    <channel update="i" site="tv.yandex.ru" site_id="675" xmltv_id="Моя Планета">Моя Планета</channel>
    <channel update="i" site="tv.yandex.ru" site_id="794" xmltv_id="Телепутешествия">Телепутешествия</channel>
    <channel update="i" site="tv.yandex.ru" site_id="16" xmltv_id="24_DOC">24_DOC</channel>
    <channel update="i" site="tv.yandex.ru" site_id="520" xmltv_id="Домашние животные">Домашние животные</channel>
    <channel update="i" site="tv.yandex.ru" site_id="765" xmltv_id="Viasat Nature CEE">Viasat Nature CEE</channel>
    <channel update="i" site="tv.yandex.ru" site_id="223" xmltv_id="Nat Geo WILD">Nat Geo WILD</channel>
    <channel update="i" site="tv.yandex.ru" site_id="648" xmltv_id="Russian Travel Guide">Russian Travel Guide</channel>
    <channel update="i" site="tv.yandex.ru" site_id="333" xmltv_id="Вопросы и ответы">Вопросы и ответы</channel>
    <channel update="i" site="tv.yandex.ru" site_id="769" xmltv_id="Кто есть кто">Кто есть кто</channel>
    <channel update="i" site="tv.yandex.ru" site_id="774" xmltv_id="Первый образовательный">Первый образовательный</channel>
    <channel update="i" site="tv.yandex.ru" site_id="723" xmltv_id="Наука 2.0">Наука 2.0</channel>
    <channel update="i" site="tv.yandex.ru" site_id="613" xmltv_id="Travel Channel">Travel Channel</channel>
    <channel update="i" site="tv.yandex.ru" site_id="367" xmltv_id="Zooпарк">Zooпарк</channel>
    <channel update="i" site="tv.yandex.ru" site_id="322" xmltv_id="Outdoor Channel">Outdoor Channel</channel>
    <channel update="i" site="tv.yandex.ru" site_id="250" xmltv_id="365 дней ТВ">365 дней ТВ</channel>
    <channel update="i" site="tv.yandex.ru" site_id="912" xmltv_id="CBS Reality">CBS Reality</channel>
    <channel update="i" site="tv.yandex.ru" site_id="996" xmltv_id="Travel+Adventure">Travel+Adventure</channel>
    <channel update="i" site="tv.yandex.ru" site_id="757" xmltv_id="English Club TV">English Club TV</channel>
    <channel update="i" site="tv.yandex.ru" site_id="731" xmltv_id="ТурИнфо">ТурИнфо</channel>
    <channel update="i" site="tv.yandex.ru" site_id="685" xmltv_id="Просвещение">Просвещение</channel>
    <channel update="i" site="tv.yandex.ru" site_id="35" xmltv_id="Нано">Нано</channel>
    <channel update="i" site="tv.yandex.ru" site_id="1394" xmltv_id="History">History</channel>
    <channel update="i" site="tv.yandex.ru" site_id="1365" xmltv_id="Живая природа">Живая природа</channel>
    <channel update="i" site="tv.yandex.ru" site_id="1436" xmltv_id="Техно 24">Техно 24</channel>
    <channel update="i" site="tv.yandex.ru" site_id="1562" xmltv_id="Живая планета">Живая планета</channel>
    <channel update="i" site="tv.yandex.ru" site_id="1585" xmltv_id="DTX">DTX</channel>
    <channel update="i" site="tv.yandex.ru" site_id="1039" xmltv_id="Матч! Футбол 3">Матч! Футбол 3</channel>
    <channel update="i" site="tv.yandex.ru" site_id="850" xmltv_id="Eurosport 2">Eurosport 2</channel>
    <channel update="i" site="tv.yandex.ru" site_id="288" xmltv_id="Extreme Sports">Extreme Sports</channel>
    <channel update="i" site="tv.yandex.ru" site_id="454" xmltv_id="Матч! Боец">Матч! Боец</channel>
    <channel update="i" site="tv.yandex.ru" site_id="406" xmltv_id="Русский Экстрим">Русский Экстрим</channel>
    <channel update="i" site="tv.yandex.ru" site_id="328" xmltv_id="Футбол">Футбол</channel>
    <channel update="i" site="tv.yandex.ru" site_id="455" xmltv_id="Viasat Sport">Viasat Sport</channel>
    <channel update="i" site="tv.yandex.ru" site_id="737" xmltv_id="Eurosport">Eurosport</channel>
    <channel update="i" site="tv.yandex.ru" site_id="481" xmltv_id="КХЛ">КХЛ</channel>
    <channel update="i" site="tv.yandex.ru" site_id="499" xmltv_id="Наш футбол">Наш футбол</channel>
    <channel update="i" site="tv.yandex.ru" site_id="664" xmltv_id="Матч! Футбол 1">Матч! Футбол 1</channel>
    <channel update="i" site="tv.yandex.ru" site_id="563" xmltv_id="Матч! Футбол 2">Матч! Футбол 2</channel>
    <channel update="i" site="tv.yandex.ru" site_id="531" xmltv_id="Motors TV">Motors TV</channel>
    <channel update="i" site="tv.yandex.ru" site_id="1376" xmltv_id="Бокс ТВ">Бокс ТВ</channel>
    <channel update="i" site="tv.yandex.ru" site_id="1667" xmltv_id="Матч! Арена">Матч! Арена</channel>
    <channel update="i" site="tv.yandex.ru" site_id="1668" xmltv_id="Матч! Игра">Матч! Игра</channel>
    <channel update="i" site="tv.yandex.ru" site_id="1669" xmltv_id="Матч! Наш спорт">Матч! Наш спорт</channel>
    <channel update="i" site="tv.yandex.ru" site_id="1671" xmltv_id="Матч! Планета">Матч! Планета</channel>
    <channel update="i" site="tv.yandex.ru" site_id="1332" xmltv_id="МУЛЬТ">МУЛЬТ</channel>
    <channel update="i" site="tv.yandex.ru" site_id="917" xmltv_id="Nick Jr">Nick Jr</channel>
    <channel update="i" site="tv.yandex.ru" site_id="929" xmltv_id="Boomerang">Boomerang</channel>
    <channel update="i" site="tv.yandex.ru" site_id="601" xmltv_id="Cartoon Network">Cartoon Network</channel>
    <channel update="i" site="tv.yandex.ru" site_id="567" xmltv_id="Nickelodeon">Nickelodeon</channel>
    <channel update="i" site="tv.yandex.ru" site_id="66" xmltv_id="Детский">Детский</channel>
    <channel update="i" site="tv.yandex.ru" site_id="747" xmltv_id="Детский мир">Детский мир</channel>
    <channel update="i" site="tv.yandex.ru" site_id="410" xmltv_id="Da Vinci">Da Vinci</channel>
    <channel update="i" site="tv.yandex.ru" site_id="810" xmltv_id="Gulli">Gulli</channel>
    <channel update="i" site="tv.yandex.ru" site_id="494" xmltv_id="JimJam">JimJam</channel>
    <channel update="i" site="tv.yandex.ru" site_id="31" xmltv_id="Мультимания">Мультимания</channel>
    <channel update="i" site="tv.yandex.ru" site_id="555" xmltv_id="TiJi">TiJi</channel>
    <channel update="i" site="tv.yandex.ru" site_id="308" xmltv_id="Baby TV">Baby TV</channel>
    <channel update="i" site="tv.yandex.ru" site_id="1578" xmltv_id="Рыжий">Рыжий</channel>
    <channel update="i" site="tv.yandex.ru" site_id="1032" xmltv_id="Life">Life</channel>
    <channel update="i" site="tv.yandex.ru" site_id="1331" xmltv_id="МИР 24">МИР 24</channel>
    <channel update="i" site="tv.yandex.ru" site_id="921" xmltv_id="NHK WORLD TV">NHK WORLD TV</channel>
    <channel update="i" site="tv.yandex.ru" site_id="922" xmltv_id="Первый Интернет Канал">Первый Интернет Канал</channel>
    <channel update="i" site="tv.yandex.ru" site_id="463" xmltv_id="Bloomberg">Bloomberg</channel>
    <channel update="i" site="tv.yandex.ru" site_id="495" xmltv_id="CNN">CNN</channel>
    <channel update="i" site="tv.yandex.ru" site_id="23" xmltv_id="EuroNews">EuroNews</channel>
    <channel update="i" site="tv.yandex.ru" site_id="589" xmltv_id="TV5">TV5</channel>
    <channel update="i" site="tv.yandex.ru" site_id="743" xmltv_id="РБК">РБК</channel>
    <channel update="i" site="tv.yandex.ru" site_id="502" xmltv_id="BBC">BBC</channel>
    <channel update="i" site="tv.yandex.ru" site_id="384" xmltv_id="Дождь">Дождь</channel>
    <channel update="i" site="tv.yandex.ru" site_id="313" xmltv_id="Russia Today">Russia Today</channel>
    <channel update="i" site="tv.yandex.ru" site_id="214" xmltv_id="PRO Business">PRO Business</channel>
    <channel update="i" site="tv.yandex.ru" site_id="828" xmltv_id="BBC World News">BBC World News</channel>
    <channel update="i" site="tv.yandex.ru" site_id="355" xmltv_id="Deutsche Welle">Deutsche Welle</channel>
    <channel update="i" site="tv.yandex.ru" site_id="278" xmltv_id="BBC Entertainment">BBC Entertainment</channel>
    <channel update="i" site="tv.yandex.ru" site_id="831" xmltv_id="CNBC">CNBC</channel>
    <channel update="i" site="tv.yandex.ru" site_id="461" xmltv_id="France 24">France 24</channel>
    <channel update="i" site="tv.yandex.ru" site_id="59" xmltv_id="Первый метео">Первый метео</channel>
    <channel update="i" site="tv.yandex.ru" site_id="315" xmltv_id="ЧП.Info">ЧП.Info</channel>
    <channel update="i" site="tv.yandex.ru" site_id="247" xmltv_id="NewsOne">NewsOne</channel>
    <channel update="i" site="tv.yandex.ru" site_id="1021" xmltv_id="MTV Russia">MTV Russia</channel>
    <channel update="i" site="tv.yandex.ru" site_id="927" xmltv_id="iConcerts">iConcerts</channel>
    <channel update="i" site="tv.yandex.ru" site_id="575" xmltv_id="Mezzo">Mezzo</channel>
    <channel update="i" site="tv.yandex.ru" site_id="156" xmltv_id="VH1 Classic">VH1 Classic</channel>
    <channel update="i" site="tv.yandex.ru" site_id="332" xmltv_id="MTV Dance">MTV Dance</channel>
    <channel update="i" site="tv.yandex.ru" site_id="849" xmltv_id="MTV Hits">MTV Hits</channel>
    <channel update="i" site="tv.yandex.ru" site_id="388" xmltv_id="MTV Rocks">MTV Rocks</channel>
    <channel update="i" site="tv.yandex.ru" site_id="258" xmltv_id="Ru.TV">Ru.TV</channel>
    <channel update="i" site="tv.yandex.ru" site_id="680" xmltv_id="ТНТ Music">ТНТ Music</channel>
    <channel update="i" site="tv.yandex.ru" site_id="662" xmltv_id="Шансон-TB">Шансон-TB</channel>
    <channel update="i" site="tv.yandex.ru" site_id="681" xmltv_id="Europa Plus TV">Europa Plus TV</channel>
    <channel update="i" site="tv.yandex.ru" site_id="715" xmltv_id="Музыка Первого">Музыка Первого</channel>
    <channel update="i" site="tv.yandex.ru" site_id="797" xmltv_id="BizTV">BizTV</channel>
    <channel update="i" site="tv.yandex.ru" site_id="319" xmltv_id="C Music TV">C Music TV</channel>
    <channel update="i" site="tv.yandex.ru" site_id="804" xmltv_id="MCM POP">MCM POP</channel>
    <channel update="i" site="tv.yandex.ru" site_id="533" xmltv_id="MCM TOP">MCM TOP</channel>
    <channel update="i" site="tv.yandex.ru" site_id="25" xmltv_id="MusicBox RU">MusicBox RU</channel>
    <channel update="i" site="tv.yandex.ru" site_id="642" xmltv_id="MusicBox TV">MusicBox TV</channel>
    <channel update="i" site="tv.yandex.ru" site_id="591" xmltv_id="Rusong TV">Rusong TV</channel>
    <channel update="i" site="tv.yandex.ru" site_id="491" xmltv_id="VH1 European">VH1 European</channel>
    <channel update="i" site="tv.yandex.ru" site_id="91" xmltv_id="World Music Channel">World Music Channel</channel>
    <channel update="i" site="tv.yandex.ru" site_id="473" xmltv_id="Trace Urban">Trace Urban</channel>
    <channel update="i" site="tv.yandex.ru" site_id="430" xmltv_id="MTV Music">MTV Music</channel>
    <channel update="i" site="tv.yandex.ru" site_id="151" xmltv_id="BRIDGE TV">BRIDGE TV</channel>
    <channel update="i" site="tv.yandex.ru" site_id="270" xmltv_id="MTV European">MTV European</channel>
    <channel update="i" site="tv.yandex.ru" site_id="257" xmltv_id="Ля-минор">Ля-минор</channel>
    <channel update="i" site="tv.yandex.ru" site_id="1561" xmltv_id="HardLife TV">HardLife TV</channel>
    <channel update="i" site="tv.yandex.ru" site_id="1673" xmltv_id="Vintage">Vintage</channel>
    <channel update="i" site="tv.yandex.ru" site_id="919" xmltv_id="Fashion One">Fashion One</channel>
    <channel update="i" site="tv.yandex.ru" site_id="661" xmltv_id="Fashion TV">Fashion TV</channel>
    <channel update="i" site="tv.yandex.ru" site_id="346" xmltv_id="World Fashion Channel">World Fashion Channel</channel>
    <channel update="i" site="tv.yandex.ru" site_id="617" xmltv_id="Охота и рыбалка">Охота и рыбалка</channel>
    <channel update="i" site="tv.yandex.ru" site_id="173" xmltv_id="Телекафе">Телекафе</channel>
    <channel update="i" site="tv.yandex.ru" site_id="779" xmltv_id="Усадьба">Усадьба</channel>
    <channel update="i" site="tv.yandex.ru" site_id="82" xmltv_id="Мужской">Мужской</channel>
    <channel update="i" site="tv.yandex.ru" site_id="434" xmltv_id="Психология 21">Психология 21</channel>
    <channel update="i" site="tv.yandex.ru" site_id="119" xmltv_id="Style TV">Style TV</channel>
    <channel update="i" site="tv.yandex.ru" site_id="547" xmltv_id="Успех">Успех</channel>
    <channel update="i" site="tv.yandex.ru" site_id="376" xmltv_id="Оружие">Оружие</channel>
    <channel update="i" site="tv.yandex.ru" site_id="705" xmltv_id="Загородный">Загородный</channel>
    <channel update="i" site="tv.yandex.ru" site_id="21" xmltv_id="Загородная жизнь">Загородная жизнь</channel>
    <channel update="i" site="tv.yandex.ru" site_id="637" xmltv_id="Тонус-ТВ">Тонус-ТВ</channel>
    <channel update="i" site="tv.yandex.ru" site_id="776" xmltv_id="TDK">TDK</channel>
    <channel update="i" site="tv.yandex.ru" site_id="425" xmltv_id="TLC">TLC</channel>
    <channel update="i" site="tv.yandex.ru" site_id="505" xmltv_id="Драйв">Драйв</channel>
    <channel update="i" site="tv.yandex.ru" site_id="595" xmltv_id="Здоровое ТВ">Здоровое ТВ</channel>
    <channel update="i" site="tv.yandex.ru" site_id="113" xmltv_id="ЖИВИ!">ЖИВИ!</channel>
    <channel update="i" site="tv.yandex.ru" site_id="614" xmltv_id="Кухня ТВ">Кухня ТВ</channel>
    <channel update="i" site="tv.yandex.ru" site_id="153" xmltv_id="Авто Плюс">Авто Плюс</channel>
    <channel update="i" site="tv.yandex.ru" site_id="931" xmltv_id="ЕДА">ЕДА</channel>
    <channel update="i" site="tv.yandex.ru" site_id="393" xmltv_id="Fine Living Network">Fine Living Network</channel>
    <channel update="i" site="tv.yandex.ru" site_id="132" xmltv_id="Охотник и Рыболов">Охотник и Рыболов</channel>
    <channel update="i" site="tv.yandex.ru" site_id="1397" xmltv_id="World Business Channel">World Business Channel</channel>
    <channel update="i" site="tv.yandex.ru" site_id="1571" xmltv_id="Мир Увлечений">Мир Увлечений</channel>
    <channel update="i" site="tv.yandex.ru" site_id="1660" xmltv_id="RTG International">RTG International</channel>
    <channel update="i" site="tv.yandex.ru" site_id="1662" xmltv_id="Бобер">Бобер</channel>
    <channel update="i" site="tv.yandex.ru" site_id="1679" xmltv_id="Конный мир">Конный мир</channel>
    <channel update="i" site="tv.yandex.ru" site_id="1026" xmltv_id="LUXURY">LUXURY</channel>
    <channel update="i" site="tv.yandex.ru" site_id="1322" xmltv_id="СТС Love">СТС Love</channel>
    <channel update="i" site="tv.yandex.ru" site_id="1329" xmltv_id="1HD">1HD</channel>
    <channel update="i" site="tv.yandex.ru" site_id="925" xmltv_id="Театр">Театр</channel>
    <channel update="i" site="tv.yandex.ru" site_id="663" xmltv_id="Сарафан">Сарафан</channel>
    <channel update="i" site="tv.yandex.ru" site_id="920" xmltv_id="Paramount Comedy">Paramount Comedy</channel>
    <channel update="i" site="tv.yandex.ru" site_id="777" xmltv_id="О2ТВ">О2ТВ</channel>
    <channel update="i" site="tv.yandex.ru" site_id="412" xmltv_id="Юмор BOX">Юмор BOX</channel>
    <channel update="i" site="tv.yandex.ru" site_id="165" xmltv_id="STV">STV</channel>
    <channel update="i" site="tv.yandex.ru" site_id="1676" xmltv_id="Game Show">Game Show</channel>
    <channel update="i" site="tv.yandex.ru" site_id="1030" xmltv_id="Fashion One HD">Fashion One HD</channel>
    <channel update="i" site="tv.yandex.ru" site_id="1038" xmltv_id="КХЛ HD">КХЛ HD</channel>
    <channel update="i" site="tv.yandex.ru" site_id="1033" xmltv_id="Outdoor HD">Outdoor HD</channel>
    <channel update="i" site="tv.yandex.ru" site_id="1011" xmltv_id="TV1000 Comedy HD">TV1000 Comedy HD</channel>
    <channel update="i" site="tv.yandex.ru" site_id="1012" xmltv_id="TV1000 Megahit HD">TV1000 Megahit HD</channel>
    <channel update="i" site="tv.yandex.ru" site_id="1013" xmltv_id="TV1000 Premium HD">TV1000 Premium HD</channel>
    <channel update="i" site="tv.yandex.ru" site_id="1035" xmltv_id="Travel+Adventure HD">Travel+Adventure HD</channel>
    <channel update="i" site="tv.yandex.ru" site_id="1031" xmltv_id="Fox HD">Fox HD</channel>
    <channel update="i" site="tv.yandex.ru" site_id="1034" xmltv_id="Sony ТВ HD">Sony ТВ HD</channel>
    <channel update="i" site="tv.yandex.ru" site_id="1042" xmltv_id="Матч! Футбол 2 HD">Матч! Футбол 2 HD</channel>
    <channel update="i" site="tv.yandex.ru" site_id="1043" xmltv_id="Матч! Футбол 1 HD">Матч! Футбол 1 HD</channel>
    <channel update="i" site="tv.yandex.ru" site_id="934" xmltv_id="MGM HD">MGM HD</channel>
    <channel update="i" site="tv.yandex.ru" site_id="138" xmltv_id="Кинопоказ HD-1">Кинопоказ HD-1</channel>
    <channel update="i" site="tv.yandex.ru" site_id="741" xmltv_id="Кинопоказ HD-2">Кинопоказ HD-2</channel>
    <channel update="i" site="tv.yandex.ru" site_id="801" xmltv_id="Mezzo Live HD">Mezzo Live HD</channel>
    <channel update="i" site="tv.yandex.ru" site_id="389" xmltv_id="National Geographic HD">National Geographic HD</channel>
    <channel update="i" site="tv.yandex.ru" site_id="124" xmltv_id="Travel Channel HD">Travel Channel HD</channel>
    <channel update="i" site="tv.yandex.ru" site_id="423" xmltv_id="Nickelodeon HD">Nickelodeon HD</channel>
    <channel update="i" site="tv.yandex.ru" site_id="415" xmltv_id="HD Life">HD Life</channel>
    <channel update="i" site="tv.yandex.ru" site_id="930" xmltv_id="Еда HD">Еда HD</channel>
    <channel update="i" site="tv.yandex.ru" site_id="983" xmltv_id="Первый HD">Первый HD</channel>
    <channel update="i" site="tv.yandex.ru" site_id="984" xmltv_id="Россия 1 HD">Россия 1 HD</channel>
    <channel update="i" site="tv.yandex.ru" site_id="990" xmltv_id="Animal Planet HD">Animal Planet HD</channel>
    <channel update="i" site="tv.yandex.ru" site_id="987" xmltv_id="HD Кино">HD Кино</channel>
    <channel update="i" site="tv.yandex.ru" site_id="312" xmltv_id="Luxe HD">Luxe HD</channel>
    <channel update="i" site="tv.yandex.ru" site_id="631" xmltv_id="HD Медиа">HD Медиа</channel>
    <channel update="i" site="tv.yandex.ru" site_id="331" xmltv_id="Teletravel HD">Teletravel HD</channel>
    <channel update="i" site="tv.yandex.ru" site_id="121" xmltv_id="Fashion TV HD">Fashion TV HD</channel>
    <channel update="i" site="tv.yandex.ru" site_id="807" xmltv_id="Nat Geo Wild HD">Nat Geo Wild HD</channel>
    <channel update="i" site="tv.yandex.ru" site_id="464" xmltv_id="Fox Life HD">Fox Life HD</channel>
    <channel update="i" site="tv.yandex.ru" site_id="560" xmltv_id="Eurosport 1 HD">Eurosport 1 HD</channel>
    <channel update="i" site="tv.yandex.ru" site_id="382" xmltv_id="MTV Live HD">MTV Live HD</channel>
    <channel update="i" site="tv.yandex.ru" site_id="1372" xmltv_id="Amedia Premium HD">Amedia Premium HD</channel>
    <channel update="i" site="tv.yandex.ru" site_id="1377" xmltv_id="Страшное HD">Страшное HD</channel>
    <channel update="i" site="tv.yandex.ru" site_id="1395" xmltv_id="Bollywood HD">Bollywood HD</channel>
    <channel update="i" site="tv.yandex.ru" site_id="1586" xmltv_id="КиноПремиумHD">КиноПремиумHD</channel>
    <channel update="i" site="tv.yandex.ru" site_id="1588" xmltv_id="Остросюжетное HD">Остросюжетное HD</channel>
    <channel update="i" site="tv.yandex.ru" site_id="1589" xmltv_id="Семейное HD">Семейное HD</channel>
    <channel update="i" site="tv.yandex.ru" site_id="1587" xmltv_id="НашеHD">НашеHD</channel>
    <channel update="i" site="tv.yandex.ru" site_id="1612" xmltv_id="Discovery Channel HD">Discovery Channel HD</channel>
    <channel update="i" site="tv.yandex.ru" site_id="1657" xmltv_id="Ginger HD">Ginger HD</channel>
    <channel update="i" site="tv.yandex.ru" site_id="1681" xmltv_id="Охотник и Рыболов HD">Охотник и Рыболов HD</channel>
    <channel update="i" site="tv.yandex.ru" site_id="1663" xmltv_id="Insight Ultra HD">Insight Ultra HD</channel>
    <channel update="i" site="tv.yandex.ru" site_id="1670" xmltv_id="Fuel TV HD">Fuel TV HD</channel>
    <channel update="i" site="tv.yandex.ru" site_id="1672" xmltv_id="Museum HD">Museum HD</channel>
    <channel update="i" site="tv.yandex.ru" site_id="1450" xmltv_id="Чехов Вид">Чехов Вид</channel>
    <channel update="i" site="tv.yandex.ru" site_id="1451" xmltv_id="Балашиха ТВ">Балашиха ТВ</channel>
    <channel update="i" site="tv.yandex.ru" site_id="248" xmltv_id="Беларусь-24">Беларусь-24</channel>
    <channel update="i" site="tv.yandex.ru" site_id="795" xmltv_id="Шант">Шант</channel>
    <channel update="i" site="tv.yandex.ru" site_id="916" xmltv_id="ИНВА МЕДИА ТВ">ИНВА МЕДИА ТВ</channel>
    <channel update="i" site="tv.yandex.ru" site_id="933" xmltv_id="ТНВ-планета">ТНВ-планета</channel>
    <channel update="i" site="tv.yandex.ru" site_id="618" xmltv_id="Мама">Мама</channel>
    <channel update="i" site="tv.yandex.ru" site_id="783" xmltv_id="Ностальгия">Ностальгия</channel>
    <channel update="i" site="tv.yandex.ru" site_id="638" xmltv_id="Радость Моя">Радость Моя</channel>
    <channel update="i" site="tv.yandex.ru" site_id="180" xmltv_id="ТНВ">ТНВ</channel>
    <channel update="i" site="tv.yandex.ru" site_id="15" xmltv_id="Man TV">Man TV</channel>
    <channel update="i" site="tv.yandex.ru" site_id="37" xmltv_id="Парк развлечений">Парк развлечений</channel>
    <channel update="i" site="tv.yandex.ru" site_id="789" xmltv_id="Улыбка Ребенка">Улыбка Ребенка</channel>
    <channel update="i" site="tv.yandex.ru" site_id="626" xmltv_id="Zee-TV">Zee-TV</channel>
    <channel update="i" site="tv.yandex.ru" site_id="275" xmltv_id="Совершенно секретно">Совершенно секретно</channel>
    <channel update="i" site="tv.yandex.ru" site_id="6" xmltv_id="Ретро ТВ">Ретро ТВ</channel>
    <channel update="i" site="tv.yandex.ru" site_id="217" xmltv_id="8 Канал">8 Канал</channel>
    <channel update="i" site="tv.yandex.ru" site_id="923" xmltv_id="Детский мир + Телеклуб">Детский мир + Телеклуб</channel>
    <channel update="i" site="tv.yandex.ru" site_id="756" xmltv_id="Ajara TV">Ajara TV</channel>
    <channel update="i" site="tv.yandex.ru" site_id="284" xmltv_id="Страна">Страна</channel>
    <channel update="i" site="tv.yandex.ru" site_id="442" xmltv_id="Luxe.TV">Luxe.TV</channel>
    <channel update="i" site="tv.yandex.ru" site_id="141" xmltv_id="myZen.tv">myZen.tv</channel>
    <channel update="i" site="tv.yandex.ru" site_id="552" xmltv_id="Недвижимость">Недвижимость</channel>
    <channel update="i" site="tv.yandex.ru" site_id="300" xmltv_id="АРМ-ТВ">АРМ-ТВ</channel>
    <channel update="i" site="tv.yandex.ru" site_id="431" xmltv_id="Эгоист ТВ">Эгоист ТВ</channel>
    <channel update="i" site="tv.yandex.ru" site_id="11" xmltv_id="АГРО-ТВ">АГРО-ТВ</channel>
    <channel update="i" site="tv.yandex.ru" site_id="363" xmltv_id="РазТВ">РазТВ</channel>
    <channel update="i" site="tv.yandex.ru" site_id="509" xmltv_id="РЖД">РЖД</channel>
    <channel update="i" site="tv.yandex.ru" site_id="730" xmltv_id="ТРО">ТРО</channel>
    <channel update="i" site="tv.yandex.ru" site_id="576" xmltv_id="ТБН">ТБН</channel>
    <channel update="i" site="tv.yandex.ru" site_id="349" xmltv_id="Союз">Союз</channel>
    <channel update="i" site="tv.yandex.ru" site_id="1378" xmltv_id="Твой">Твой</channel>
    <channel update="i" site="tv.yandex.ru" site_id="1396" xmltv_id="Точка ТВ">Точка ТВ</channel>
    <channel update="i" site="tv.yandex.ru" site_id="1425" xmltv_id="ЛДПР ТВ">ЛДПР ТВ</channel>
    <channel update="i" site="tv.yandex.ru" site_id="1666" xmltv_id="Калейдоскоп ТВ">Калейдоскоп ТВ</channel>
    <channel update="i" site="tv.yandex.ru" site_id="1699" xmltv_id="History 2">History 2</channel>
    <channel update="i" site="tv.yandex.ru" site_id="1700" xmltv_id="КВН ТВ">КВН ТВ</channel>
    <channel update="i" site="tv.yandex.ru" site_id="1698" xmltv_id="Пингвин Лоло">Пингвин Лоло</channel>
  </channels>
</site>