<?xml version="1.0" encoding="UTF-8"?>
<addon id="game.libretro.beetle-psx" name="PlayStation (Mednafen PSX)" version="0.9.39.100" provider-name="Libretro">
  <requires>
    <import addon="game.libretro" version="1.0.0"/>
    <import addon="game.controller.ps" version="1.0.0"/>
  </requires>
  <extension point="kodi.gameclient" library_linux="game.libretro.beetle-psx.so">
    <platforms>PSX</platforms>
    <extensions>exe|cue|toc|ccd|m3u|pbp</extensions>
    <supports_vfs>false</supports_vfs>
    <supports_standalone>false</supports_standalone>
    <supports_keyboard>false</supports_keyboard>
    <supports_mouse>false</supports_mouse>
  </extension>
  <extension point="xbmc.addon.metadata">
    <summary lang="en">PlayStation (Mednafen PSX) 0.9.39.2</summary>
    <description>Beetle PSX is the PlayStation module of Beetle, a port of Madnafen

Supported files: .exe, .cue, .toc, .ccd, .m3u, .pbp</description>
    <license>GPLv2</license>
    <platform>linux</platform>
    <assets>
      <icon>resources/icon.png</icon>
    </assets>
  </extension>
</addon>
