<?xml version="1.0" encoding="UTF-8"?>
<addon id="game.libretro.fuse" name="ZX Spectrum (Fuse)" version="1.1.1.100" provider-name="Libretro">
  <requires>
    <import addon="game.libretro" version="1.0.0"/>
  </requires>
  <extension point="kodi.gameclient" library_linux="game.libretro.fuse.so">
    <platforms>spectrum</platforms>
    <extensions>tzx|tap|z80|rzx|scl|trd</extensions>
    <supports_vfs>true</supports_vfs>
    <supports_standalone>false</supports_standalone>
    <supports_keyboard>false</supports_keyboard>
    <supports_mouse>false</supports_mouse>
  </extension>
  <extension point="xbmc.addon.metadata">
    <summary lang="en">ZX Spectrum (Fuse) 1.1.1 f834c9b</summary>
    <description>Source: https://github.com/libretro/fuse-libretro

Supported files: .tzx, .tap, .z80, .rzx, .scl, .trd</description>
    <license>GPLv3</license>
    <platform>linux</platform>
  </extension>
</addon>
