<?xml version="1.0" encoding="UTF-8"?>
<addon id="game.libretro.beetle-lynx" name="Atari Lynx (Mednafen Handy)" version="0.9.32.100" provider-name="Libretro">
  <requires>
    <import addon="game.libretro" version="1.0.0"/>
  </requires>
  <extension point="kodi.gameclient" library_linux="game.libretro.beetle-lynx.so">
    <platforms>lynx</platforms>
    <extensions>lnx</extensions>
    <supports_vfs>false</supports_vfs>
    <supports_standalone>false</supports_standalone>
    <supports_keyboard>false</supports_keyboard>
    <supports_mouse>false</supports_mouse>
  </extension>
  <extension point="xbmc.addon.metadata">
    <summary lang="en">Atari Lynx (Mednafen Handy) v0.9.32</summary>
    <description>Beetle Lynx is the Atari Lynx module of Beetle, a fork of Mednafen. The Mednafen module is a fork of Handy.

Supported files: .lnx</description>
    <license>Zlib|GPLv2</license>
    <platform>linux</platform>
    <assets>
      <screenshot>resources/screenshot-01.jpg</screenshot>
      <screenshot>resources/screenshot-02.jpg</screenshot>
      <screenshot>resources/screenshot-03.jpg</screenshot>
    </assets>
  </extension>
</addon>
