﻿<?xml version="1.0" encoding="UTF-8"?>
<site generator-info-name="WebGrab+Plus/w MDB &amp; REX Postprocess -- version V1.56.25 -- Jan van Straaten" site="gmanetwork_int.com">
  <channels>
    <channel update="i" site="gmanetwork_int.com" site_id="GPTV" xmltv_id="GMA Pinoy TV">GMA Pinoy TV</channel>
    <channel update="i" site="gmanetwork_int.com" site_id="GLTV" xmltv_id="GMA Life TV">GMA Life TV</channel>
    <channel update="i" site="gmanetwork_int.com" site_id="GNTV" xmltv_id="GMA News TV International">GMA News TV International</channel>
  </channels>
</site>