﻿<?xml version="1.0" encoding="UTF-8"?>
<site generator-info-name="WebGrab+Plus/w MDB &amp; REX Postprocess -- version V1.56.15 -- Jan van Straaten" site="sporedi.tv">
  <channels>
    <channel update="i" site="sporedi.tv" site_id="83" xmltv_id="Slovenija 1">Slovenija 1</channel>
    <channel update="i" site="sporedi.tv" site_id="84" xmltv_id="Slovenija 2">Slovenija 2</channel>
    <channel update="i" site="sporedi.tv" site_id="69" xmltv_id="Pop TV">Pop TV</channel>
    <channel update="i" site="sporedi.tv" site_id="3" xmltv_id="Kanal A">Kanal A</channel>
    <channel update="i" site="sporedi.tv" site_id="171" xmltv_id="Brio">Brio</channel>
    <channel update="i" site="sporedi.tv" site_id="40" xmltv_id="HBO">HBO</channel>
    <channel update="i" site="sporedi.tv" site_id="41" xmltv_id="HBO Comedy">HBO Comedy</channel>
    <channel update="i" site="sporedi.tv" site_id="111" xmltv_id="Cinemax">Cinemax</channel>
    <channel update="i" site="sporedi.tv" site_id="193" xmltv_id="Kino">Kino</channel>
    <channel update="i" site="sporedi.tv" site_id="112" xmltv_id="AMC">AMC</channel>
    <channel update="i" site="sporedi.tv" site_id="88" xmltv_id="Šport TV 1">Šport TV 1</channel>
    <channel update="i" site="sporedi.tv" site_id="86" xmltv_id="SK 1">SK 1</channel>
    <channel update="i" site="sporedi.tv" site_id="19" xmltv_id="Discovery Channel">Discovery Channel</channel>
    <channel update="i" site="sporedi.tv" site_id="60" xmltv_id="National Geographic">National Geographic</channel>
    <channel update="i" site="sporedi.tv" site_id="42" xmltv_id="Hrvatska radiotelevizija 1">Hrvatska radiotelevizija 1</channel>
    <channel update="i" site="sporedi.tv" site_id="99" xmltv_id="TV1000">TV1000</channel>
    <channel update="i" site="sporedi.tv" site_id="68" xmltv_id="Planet TV">Planet TV</channel>
    <channel update="i" site="sporedi.tv" site_id="172" xmltv_id="TV3 medias">TV3 medias</channel>
    <channel update="i" site="sporedi.tv" site_id="123" xmltv_id="24Kitchen">24Kitchen</channel>
    <channel update="i" site="sporedi.tv" site_id="237" xmltv_id="24sata TV">24sata TV</channel>
    <channel update="i" site="sporedi.tv" site_id="2" xmltv_id="3SAT">3SAT</channel>
    <channel update="i" site="sporedi.tv" site_id="4" xmltv_id="AB Moteurs">AB Moteurs</channel>
    <channel update="i" site="sporedi.tv" site_id="244" xmltv_id="Al Jazeera Balkans">Al Jazeera Balkans</channel>
    <channel update="i" site="sporedi.tv" site_id="390" xmltv_id="Al Jazeera English">Al Jazeera English</channel>
    <channel update="i" site="sporedi.tv" site_id="297" xmltv_id="Alternativna TV">Alternativna TV</channel>
    <channel update="i" site="sporedi.tv" site_id="437" xmltv_id="AMC Croatia">AMC Croatia</channel>
    <channel update="i" site="sporedi.tv" site_id="6" xmltv_id="Animal Planet">Animal Planet</channel>
    <channel update="i" site="sporedi.tv" site_id="391" xmltv_id="AnixeHD">AnixeHD</channel>
    <channel update="i" site="sporedi.tv" site_id="8" xmltv_id="ARD">ARD</channel>
    <channel update="i" site="sporedi.tv" site_id="394" xmltv_id="ARD HD">ARD HD</channel>
    <channel update="i" site="sporedi.tv" site_id="218" xmltv_id="Arena TV">Arena TV</channel>
    <channel update="i" site="sporedi.tv" site_id="392" xmltv_id="ATM Kranjska Gora">ATM Kranjska Gora</channel>
    <channel update="i" site="sporedi.tv" site_id="164" xmltv_id="AXN Adria">AXN Adria</channel>
    <channel update="i" site="sporedi.tv" site_id="388" xmltv_id="AXN Spin">AXN Spin</channel>
    <channel update="i" site="sporedi.tv" site_id="321" xmltv_id="B 92">B 92</channel>
    <channel update="i" site="sporedi.tv" site_id="322" xmltv_id="B 92 Info">B 92 Info</channel>
    <channel update="i" site="sporedi.tv" site_id="214" xmltv_id="Baby TV">Baby TV</channel>
    <channel update="i" site="sporedi.tv" site_id="426" xmltv_id="Balkan Erotic">Balkan Erotic</channel>
    <channel update="i" site="sporedi.tv" site_id="220" xmltv_id="Balkanika">Balkanika</channel>
    <channel update="i" site="sporedi.tv" site_id="438" xmltv_id="BBC Earth">BBC Earth</channel>
    <channel update="i" site="sporedi.tv" site_id="10" xmltv_id="BBC Entertainment">BBC Entertainment</channel>
    <channel update="i" site="sporedi.tv" site_id="270" xmltv_id="BBC Knowledge">BBC Knowledge</channel>
    <channel update="i" site="sporedi.tv" site_id="11" xmltv_id="BBC World">BBC World</channel>
    <channel update="i" site="sporedi.tv" site_id="298" xmltv_id="BHT 1">BHT 1</channel>
    <channel update="i" site="sporedi.tv" site_id="333" xmltv_id="BK TV">BK TV</channel>
    <channel update="i" site="sporedi.tv" site_id="267" xmltv_id="Bloomberg">Bloomberg</channel>
    <channel update="i" site="sporedi.tv" site_id="248" xmltv_id="BN Music">BN Music</channel>
    <channel update="i" site="sporedi.tv" site_id="229" xmltv_id="BN TV">BN TV</channel>
    <channel update="i" site="sporedi.tv" site_id="12" xmltv_id="Boomerang">Boomerang</channel>
    <channel update="i" site="sporedi.tv" site_id="85" xmltv_id="Brazzers TV">Brazzers TV</channel>
    <channel update="i" site="sporedi.tv" site_id="393" xmltv_id="Canale 5">Canale 5</channel>
    <channel update="i" site="sporedi.tv" site_id="14" xmltv_id="Cartoon Network">Cartoon Network</channel>
    <channel update="i" site="sporedi.tv" site_id="109" xmltv_id="CBS Drama">CBS Drama</channel>
    <channel update="i" site="sporedi.tv" site_id="74" xmltv_id="CBS Reality">CBS Reality</channel>
    <channel update="i" site="sporedi.tv" site_id="149" xmltv_id="CCTV Kitajski">CCTV Kitajski</channel>
    <channel update="i" site="sporedi.tv" site_id="434" xmltv_id="CCTV News">CCTV News</channel>
    <channel update="i" site="sporedi.tv" site_id="165" xmltv_id="Channel One Russia">Channel One Russia</channel>
    <channel update="i" site="sporedi.tv" site_id="113" xmltv_id="Cinemax 2">Cinemax 2</channel>
    <channel update="i" site="sporedi.tv" site_id="192" xmltv_id="CineStar Action and Thriller">CineStar Action and Thriller</channel>
    <channel update="i" site="sporedi.tv" site_id="348" xmltv_id="CineStar Premiere 1">CineStar Premiere 1</channel>
    <channel update="i" site="sporedi.tv" site_id="349" xmltv_id="CineStar Premiere 2">CineStar Premiere 2</channel>
    <channel update="i" site="sporedi.tv" site_id="191" xmltv_id="CineStar TV">CineStar TV</channel>
    <channel update="i" site="sporedi.tv" site_id="150" xmltv_id="CNBC">CNBC</channel>
    <channel update="i" site="sporedi.tv" site_id="16" xmltv_id="CNN International">CNN International</channel>
    <channel update="i" site="sporedi.tv" site_id="271" xmltv_id="Crime and Investigation Network">Crime and Investigation Network</channel>
    <channel update="i" site="sporedi.tv" site_id="17" xmltv_id="Croatian Music Channel">Croatian Music Channel</channel>
    <channel update="i" site="sporedi.tv" site_id="18" xmltv_id="Čarli TV">Čarli TV</channel>
    <channel update="i" site="sporedi.tv" site_id="121" xmltv_id="Da Vinci Learning">Da Vinci Learning</channel>
    <channel update="i" site="sporedi.tv" site_id="131" xmltv_id="Discovery HD">Discovery HD</channel>
    <channel update="i" site="sporedi.tv" site_id="387" xmltv_id="Discovery ID Xtra">Discovery ID Xtra</channel>
    <channel update="i" site="sporedi.tv" site_id="120" xmltv_id="Discovery Investigation">Discovery Investigation</channel>
    <channel update="i" site="sporedi.tv" site_id="21" xmltv_id="Discovery Science">Discovery Science</channel>
    <channel update="i" site="sporedi.tv" site_id="20" xmltv_id="Discovery World">Discovery World</channel>
    <channel update="i" site="sporedi.tv" site_id="114" xmltv_id="Disney Channel">Disney Channel</channel>
    <channel update="i" site="sporedi.tv" site_id="170" xmltv_id="Disney Junior">Disney Junior</channel>
    <channel update="i" site="sporedi.tv" site_id="46" xmltv_id="Disney XD">Disney XD</channel>
    <channel update="i" site="sporedi.tv" site_id="151" xmltv_id="DM Sat">DM Sat</channel>
    <channel update="i" site="sporedi.tv" site_id="278" xmltv_id="Docubox">Docubox</channel>
    <channel update="i" site="sporedi.tv" site_id="284" xmltv_id="Dorcel HD">Dorcel HD</channel>
    <channel update="i" site="sporedi.tv" site_id="129" xmltv_id="Dorcel TV">Dorcel TV</channel>
    <channel update="i" site="sporedi.tv" site_id="442" xmltv_id="Dr. Fit">Dr. Fit</channel>
    <channel update="i" site="sporedi.tv" site_id="250" xmltv_id="ducktv">ducktv</channel>
    <channel update="i" site="sporedi.tv" site_id="152" xmltv_id="Duna TV">Duna TV</channel>
    <channel update="i" site="sporedi.tv" site_id="126" xmltv_id="E! Europe">E! Europe</channel>
    <channel update="i" site="sporedi.tv" site_id="207" xmltv_id="Elta 1 HD">Elta 1 HD</channel>
    <channel update="i" site="sporedi.tv" site_id="395" xmltv_id="Elta 2">Elta 2</channel>
    <channel update="i" site="sporedi.tv" site_id="253" xmltv_id="English Club TV">English Club TV</channel>
    <channel update="i" site="sporedi.tv" site_id="281" xmltv_id="Erox HD">Erox HD</channel>
    <channel update="i" site="sporedi.tv" site_id="283" xmltv_id="Eroxxx HD">Eroxxx HD</channel>
    <channel update="i" site="sporedi.tv" site_id="28" xmltv_id="Eurosport">Eurosport</channel>
    <channel update="i" site="sporedi.tv" site_id="29" xmltv_id="Eurosport 2">Eurosport 2</channel>
    <channel update="i" site="sporedi.tv" site_id="396" xmltv_id="Eurosport Deutschland">Eurosport Deutschland</channel>
    <channel update="i" site="sporedi.tv" site_id="30" xmltv_id="EWTN">EWTN</channel>
    <channel update="i" site="sporedi.tv" site_id="252" xmltv_id="Exodus">Exodus</channel>
    <channel update="i" site="sporedi.tv" site_id="31" xmltv_id="Extreme Channel">Extreme Channel</channel>
    <channel update="i" site="sporedi.tv" site_id="425" xmltv_id="Extremede">Extremede</channel>
    <channel update="i" site="sporedi.tv" site_id="397" xmltv_id="Fashion One">Fashion One</channel>
    <channel update="i" site="sporedi.tv" site_id="32" xmltv_id="Fashion TV">Fashion TV</channel>
    <channel update="i" site="sporedi.tv" site_id="280" xmltv_id="Fashionbox">Fashionbox</channel>
    <channel update="i" site="sporedi.tv" site_id="383" xmltv_id="Fight Channel">Fight Channel</channel>
    <channel update="i" site="sporedi.tv" site_id="369" xmltv_id="Fight Sports">Fight Sports</channel>
    <channel update="i" site="sporedi.tv" site_id="279" xmltv_id="Fightbox">Fightbox</channel>
    <channel update="i" site="sporedi.tv" site_id="15" xmltv_id="Fine Living Network">Fine Living Network</channel>
    <channel update="i" site="sporedi.tv" site_id="107" xmltv_id="FLTV">FLTV</channel>
    <channel update="i" site="sporedi.tv" site_id="360" xmltv_id="Fox">Fox</channel>
    <channel update="i" site="sporedi.tv" site_id="33" xmltv_id="Fox Crime">Fox Crime</channel>
    <channel update="i" site="sporedi.tv" site_id="34" xmltv_id="Fox Life">Fox Life</channel>
    <channel update="i" site="sporedi.tv" site_id="263" xmltv_id="FOX Movies">FOX Movies</channel>
    <channel update="i" site="sporedi.tv" site_id="162" xmltv_id="France 2">France 2</channel>
    <channel update="i" site="sporedi.tv" site_id="35" xmltv_id="France 24">France 24</channel>
    <channel update="i" site="sporedi.tv" site_id="435" xmltv_id="France 24 French">France 24 French</channel>
    <channel update="i" site="sporedi.tv" site_id="233" xmltv_id="FTV">FTV</channel>
    <channel update="i" site="sporedi.tv" site_id="217" xmltv_id="Gea TV">Gea TV</channel>
    <channel update="i" site="sporedi.tv" site_id="204" xmltv_id="Ginx TV">Ginx TV</channel>
    <channel update="i" site="sporedi.tv" site_id="399" xmltv_id="GO TV">GO TV</channel>
    <channel update="i" site="sporedi.tv" site_id="136" xmltv_id="Golfklub">Golfklub</channel>
    <channel update="i" site="sporedi.tv" site_id="323" xmltv_id="Happy TV">Happy TV</channel>
    <channel update="i" site="sporedi.tv" site_id="400" xmltv_id="Hayat Folk">Hayat Folk</channel>
    <channel update="i" site="sporedi.tv" site_id="39" xmltv_id="Hayat Plus">Hayat Plus</channel>
    <channel update="i" site="sporedi.tv" site_id="401" xmltv_id="Hayat TV BiH">Hayat TV BiH</channel>
    <channel update="i" site="sporedi.tv" site_id="206" xmltv_id="Hema TV">Hema TV</channel>
    <channel update="i" site="sporedi.tv" site_id="122" xmltv_id="History Channel">History Channel</channel>
    <channel update="i" site="sporedi.tv" site_id="432" xmltv_id="Hot pleasure">Hot pleasure</channel>
    <channel update="i" site="sporedi.tv" site_id="43" xmltv_id="Hrvatska radiotelevizija 2">Hrvatska radiotelevizija 2</channel>
    <channel update="i" site="sporedi.tv" site_id="189" xmltv_id="Hustler HD">Hustler HD</channel>
    <channel update="i" site="sporedi.tv" site_id="44" xmltv_id="Hustler TV">Hustler TV</channel>
    <channel update="i" site="sporedi.tv" site_id="200" xmltv_id="iConcerts">iConcerts</channel>
    <channel update="i" site="sporedi.tv" site_id="228" xmltv_id="Idea TV">Idea TV</channel>
    <channel update="i" site="sporedi.tv" site_id="402" xmltv_id="Italia 1">Italia 1</channel>
    <channel update="i" site="sporedi.tv" site_id="212" xmltv_id="Jabuka TV">Jabuka TV</channel>
    <channel update="i" site="sporedi.tv" site_id="116" xmltv_id="JimJam">JimJam</channel>
    <channel update="i" site="sporedi.tv" site_id="272" xmltv_id="Jugoton TV">Jugoton TV</channel>
    <channel update="i" site="sporedi.tv" site_id="47" xmltv_id="Kabel 1">Kabel 1</channel>
    <channel update="i" site="sporedi.tv" site_id="403" xmltv_id="Kabel 10">Kabel 10</channel>
    <channel update="i" site="sporedi.tv" site_id="312" xmltv_id="Kanal 5">Kanal 5</channel>
    <channel update="i" site="sporedi.tv" site_id="444" xmltv_id="Karusel">Karusel</channel>
    <channel update="i" site="sporedi.tv" site_id="325" xmltv_id="KCN">KCN</channel>
    <channel update="i" site="sporedi.tv" site_id="404" xmltv_id="KCN 3">KCN 3</channel>
    <channel update="i" site="sporedi.tv" site_id="326" xmltv_id="KCN Music">KCN Music</channel>
    <channel update="i" site="sporedi.tv" site_id="208" xmltv_id="Klasik TV">Klasik TV</channel>
    <channel update="i" site="sporedi.tv" site_id="289" xmltv_id="Kohavision">Kohavision</channel>
    <channel update="i" site="sporedi.tv" site_id="439" xmltv_id="Koroška TV">Koroška TV</channel>
    <channel update="i" site="sporedi.tv" site_id="246" xmltv_id="LA7">LA7</channel>
    <channel update="i" site="sporedi.tv" site_id="135" xmltv_id="Lov i ribolov">Lov i ribolov</channel>
    <channel update="i" site="sporedi.tv" site_id="405" xmltv_id="Luxe TV">Luxe TV</channel>
    <channel update="i" site="sporedi.tv" site_id="406" xmltv_id="Magyar Televízió 2">Magyar Televízió 2</channel>
    <channel update="i" site="sporedi.tv" site_id="407" xmltv_id="Magyar Televízió 2 HD">Magyar Televízió 2 HD</channel>
    <channel update="i" site="sporedi.tv" site_id="49" xmltv_id="Makedonska televizija">Makedonska televizija</channel>
    <channel update="i" site="sporedi.tv" site_id="199" xmltv_id="Mediaset International">Mediaset International</channel>
    <channel update="i" site="sporedi.tv" site_id="443" xmltv_id="Medical Channel">Medical Channel</channel>
    <channel update="i" site="sporedi.tv" site_id="52" xmltv_id="Mezzo">Mezzo</channel>
    <channel update="i" site="sporedi.tv" site_id="274" xmltv_id="Mezzo Live HD">Mezzo Live HD</channel>
    <channel update="i" site="sporedi.tv" site_id="185" xmltv_id="Minimax">Minimax</channel>
    <channel update="i" site="sporedi.tv" site_id="53" xmltv_id="Motors TV">Motors TV</channel>
    <channel update="i" site="sporedi.tv" site_id="277" xmltv_id="Motorvision TV">Motorvision TV</channel>
    <channel update="i" site="sporedi.tv" site_id="232" xmltv_id="Mreža TV Zagreb">Mreža TV Zagreb</channel>
    <channel update="i" site="sporedi.tv" site_id="55" xmltv_id="MTV">MTV</channel>
    <channel update="i" site="sporedi.tv" site_id="332" xmltv_id="MTV 1">MTV 1</channel>
    <channel update="i" site="sporedi.tv" site_id="316" xmltv_id="MTV 2">MTV 2</channel>
    <channel update="i" site="sporedi.tv" site_id="57" xmltv_id="MTV Dance">MTV Dance</channel>
    <channel update="i" site="sporedi.tv" site_id="58" xmltv_id="MTV Hits">MTV Hits</channel>
    <channel update="i" site="sporedi.tv" site_id="276" xmltv_id="MTV Live HD">MTV Live HD</channel>
    <channel update="i" site="sporedi.tv" site_id="54" xmltv_id="MTV Rocks">MTV Rocks</channel>
    <channel update="i" site="sporedi.tv" site_id="51" xmltv_id="MyZen">MyZen</channel>
    <channel update="i" site="sporedi.tv" site_id="230" xmltv_id="N-TV">N-TV</channel>
    <channel update="i" site="sporedi.tv" site_id="408" xmltv_id="N24">N24</channel>
    <channel update="i" site="sporedi.tv" site_id="306" xmltv_id="Narodna TV">Narodna TV</channel>
    <channel update="i" site="sporedi.tv" site_id="133" xmltv_id="National Geographic HD">National Geographic HD</channel>
    <channel update="i" site="sporedi.tv" site_id="61" xmltv_id="National Geographic Wild">National Geographic Wild</channel>
    <channel update="i" site="sporedi.tv" site_id="128" xmltv_id="Nautical Channel">Nautical Channel</channel>
    <channel update="i" site="sporedi.tv" site_id="62" xmltv_id="NET TV">NET TV</channel>
    <channel update="i" site="sporedi.tv" site_id="409" xmltv_id="NHK World">NHK World</channel>
    <channel update="i" site="sporedi.tv" site_id="117" xmltv_id="Nickelodeon">Nickelodeon</channel>
    <channel update="i" site="sporedi.tv" site_id="410" xmltv_id="Nickelodeon HD">Nickelodeon HD</channel>
    <channel update="i" site="sporedi.tv" site_id="299" xmltv_id="NTV IC Kakanj">NTV IC Kakanj</channel>
    <channel update="i" site="sporedi.tv" site_id="137" xmltv_id="OBN Bosna">OBN Bosna</channel>
    <channel update="i" site="sporedi.tv" site_id="264" xmltv_id="OK Orlando Kids">OK Orlando Kids</channel>
    <channel update="i" site="sporedi.tv" site_id="64" xmltv_id="ORF 1">ORF 1</channel>
    <channel update="i" site="sporedi.tv" site_id="65" xmltv_id="ORF2">ORF2</channel>
    <channel update="i" site="sporedi.tv" site_id="196" xmltv_id="Oto">Oto</channel>
    <channel update="i" site="sporedi.tv" site_id="300" xmltv_id="OTV Valentino">OTV Valentino</channel>
    <channel update="i" site="sporedi.tv" site_id="286" xmltv_id="Outdoor Channel">Outdoor Channel</channel>
    <channel update="i" site="sporedi.tv" site_id="340" xmltv_id="Pink 2">Pink 2</channel>
    <channel update="i" site="sporedi.tv" site_id="175" xmltv_id="Pink Extra">Pink Extra</channel>
    <channel update="i" site="sporedi.tv" site_id="339" xmltv_id="Pink Family">Pink Family</channel>
    <channel update="i" site="sporedi.tv" site_id="174" xmltv_id="Pink Film">Pink Film</channel>
    <channel update="i" site="sporedi.tv" site_id="176" xmltv_id="Pink Folk">Pink Folk</channel>
    <channel update="i" site="sporedi.tv" site_id="343" xmltv_id="Pink KIDS">Pink KIDS</channel>
    <channel update="i" site="sporedi.tv" site_id="338" xmltv_id="Pink Movies">Pink Movies</channel>
    <channel update="i" site="sporedi.tv" site_id="173" xmltv_id="Pink Music">Pink Music</channel>
    <channel update="i" site="sporedi.tv" site_id="67" xmltv_id="Pink Plus SAT">Pink Plus SAT</channel>
    <channel update="i" site="sporedi.tv" site_id="411" xmltv_id="Pink Reality">Pink Reality</channel>
    <channel update="i" site="sporedi.tv" site_id="342" xmltv_id="Pink World">Pink World</channel>
    <channel update="i" site="sporedi.tv" site_id="341" xmltv_id="Pink Zabava">Pink Zabava</channel>
    <channel update="i" site="sporedi.tv" site_id="255" xmltv_id="Playboy TV">Playboy TV</channel>
    <channel update="i" site="sporedi.tv" site_id="424" xmltv_id="Playhouse">Playhouse</channel>
    <channel update="i" site="sporedi.tv" site_id="159" xmltv_id="Private TV">Private TV</channel>
    <channel update="i" site="sporedi.tv" site_id="36" xmltv_id="Private_TV">Private_TV</channel>
    <channel update="i" site="sporedi.tv" site_id="70" xmltv_id="Pro 7">Pro 7</channel>
    <channel update="i" site="sporedi.tv" site_id="327" xmltv_id="PRVA Srbska TV">PRVA Srbska TV</channel>
    <channel update="i" site="sporedi.tv" site_id="205" xmltv_id="Ptujska TV">Ptujska TV</channel>
    <channel update="i" site="sporedi.tv" site_id="71" xmltv_id="RAI 1">RAI 1</channel>
    <channel update="i" site="sporedi.tv" site_id="72" xmltv_id="RAI 2">RAI 2</channel>
    <channel update="i" site="sporedi.tv" site_id="73" xmltv_id="RAI 3">RAI 3</channel>
    <channel update="i" site="sporedi.tv" site_id="412" xmltv_id="RBC TV">RBC TV</channel>
    <channel update="i" site="sporedi.tv" site_id="433" xmltv_id="Red XXX">Red XXX</channel>
    <channel update="i" site="sporedi.tv" site_id="413" xmltv_id="Rete 4">Rete 4</channel>
    <channel update="i" site="sporedi.tv" site_id="75" xmltv_id="RT Crna Gora">RT Crna Gora</channel>
    <channel update="i" site="sporedi.tv" site_id="216" xmltv_id="RTK">RTK</channel>
    <channel update="i" site="sporedi.tv" site_id="77" xmltv_id="RTL">RTL</channel>
    <channel update="i" site="sporedi.tv" site_id="78" xmltv_id="RTL 2">RTL 2</channel>
    <channel update="i" site="sporedi.tv" site_id="428" xmltv_id="RTL Crime">RTL Crime</channel>
    <channel update="i" site="sporedi.tv" site_id="210" xmltv_id="RTL Hrvatska">RTL Hrvatska</channel>
    <channel update="i" site="sporedi.tv" site_id="211" xmltv_id="RTL Hrvatska 2">RTL Hrvatska 2</channel>
    <channel update="i" site="sporedi.tv" site_id="365" xmltv_id="RTL Kockica">RTL Kockica</channel>
    <channel update="i" site="sporedi.tv" site_id="429" xmltv_id="RTL Living">RTL Living</channel>
    <channel update="i" site="sporedi.tv" site_id="427" xmltv_id="RTL Passion">RTL Passion</channel>
    <channel update="i" site="sporedi.tv" site_id="259" xmltv_id="RTL Plus">RTL Plus</channel>
    <channel update="i" site="sporedi.tv" site_id="138" xmltv_id="RTR Planeta">RTR Planeta</channel>
    <channel update="i" site="sporedi.tv" site_id="301" xmltv_id="RTRS">RTRS</channel>
    <channel update="i" site="sporedi.tv" site_id="328" xmltv_id="RTS 1">RTS 1</channel>
    <channel update="i" site="sporedi.tv" site_id="329" xmltv_id="RTS 2">RTS 2</channel>
    <channel update="i" site="sporedi.tv" site_id="79" xmltv_id="RTS Maribor">RTS Maribor</channel>
    <channel update="i" site="sporedi.tv" site_id="290" xmltv_id="RTV 21 PLUS">RTV 21 PLUS</channel>
    <channel update="i" site="sporedi.tv" site_id="80" xmltv_id="RTV Srbija SAT">RTV Srbija SAT</channel>
    <channel update="i" site="sporedi.tv" site_id="203" xmltv_id="Russia Today">Russia Today</channel>
    <channel update="i" site="sporedi.tv" site_id="81" xmltv_id="SAT 1">SAT 1</channel>
    <channel update="i" site="sporedi.tv" site_id="243" xmltv_id="Satisfaction Prive">Satisfaction Prive</channel>
    <channel update="i" site="sporedi.tv" site_id="82" xmltv_id="SCT">SCT</channel>
    <channel update="i" site="sporedi.tv" site_id="414" xmltv_id="Servus TV">Servus TV</channel>
    <channel update="i" site="sporedi.tv" site_id="225" xmltv_id="Sip TV">Sip TV</channel>
    <channel update="i" site="sporedi.tv" site_id="318" xmltv_id="Sitel 3">Sitel 3</channel>
    <channel update="i" site="sporedi.tv" site_id="118" xmltv_id="SK 2">SK 2</channel>
    <channel update="i" site="sporedi.tv" site_id="254" xmltv_id="SK 3">SK 3</channel>
    <channel update="i" site="sporedi.tv" site_id="362" xmltv_id="SK 4">SK 4</channel>
    <channel update="i" site="sporedi.tv" site_id="363" xmltv_id="SK 5">SK 5</channel>
    <channel update="i" site="sporedi.tv" site_id="364" xmltv_id="SK 6">SK 6</channel>
    <channel update="i" site="sporedi.tv" site_id="417" xmltv_id="Skledar TV">Skledar TV</channel>
    <channel update="i" site="sporedi.tv" site_id="147" xmltv_id="Sky News">Sky News</channel>
    <channel update="i" site="sporedi.tv" site_id="141" xmltv_id="Slovenija 3">Slovenija 3</channel>
    <channel update="i" site="sporedi.tv" site_id="415" xmltv_id="Smile of a Child">Smile of a Child</channel>
    <channel update="i" site="sporedi.tv" site_id="226" xmltv_id="Sponka TV">Sponka TV</channel>
    <channel update="i" site="sporedi.tv" site_id="23" xmltv_id="Sport 1">Sport 1</channel>
    <channel update="i" site="sporedi.tv" site_id="416" xmltv_id="Studio 12">Studio 12</channel>
    <channel update="i" site="sporedi.tv" site_id="87" xmltv_id="Super RTL">Super RTL</channel>
    <channel update="i" site="sporedi.tv" site_id="366" xmltv_id="SuperONE">SuperONE</channel>
    <channel update="i" site="sporedi.tv" site_id="89" xmltv_id="Šport TV 2">Šport TV 2</channel>
    <channel update="i" site="sporedi.tv" site_id="367" xmltv_id="Šport TV 3">Šport TV 3</channel>
    <channel update="i" site="sporedi.tv" site_id="155" xmltv_id="Tele M">Tele M</channel>
    <channel update="i" site="sporedi.tv" site_id="319" xmltv_id="Telma TV">Telma TV</channel>
    <channel update="i" site="sporedi.tv" site_id="418" xmltv_id="Tipk TV">Tipk TV</channel>
    <channel update="i" site="sporedi.tv" site_id="419" xmltv_id="TL Novelas Europe">TL Novelas Europe</channel>
    <channel update="i" site="sporedi.tv" site_id="177" xmltv_id="TLC">TLC</channel>
    <channel update="i" site="sporedi.tv" site_id="45" xmltv_id="Top TV">Top TV</channel>
    <channel update="i" site="sporedi.tv" site_id="351" xmltv_id="Trace Sport Stars">Trace Sport Stars</channel>
    <channel update="i" site="sporedi.tv" site_id="91" xmltv_id="TRACE Urban">TRACE Urban</channel>
    <channel update="i" site="sporedi.tv" site_id="92" xmltv_id="Travel Channel">Travel Channel</channel>
    <channel update="i" site="sporedi.tv" site_id="187" xmltv_id="Travel Channel HD">Travel Channel HD</channel>
    <channel update="i" site="sporedi.tv" site_id="440" xmltv_id="Tur RTV">Tur RTV</channel>
    <channel update="i" site="sporedi.tv" site_id="302" xmltv_id="TV 1">TV 1</channel>
    <channel update="i" site="sporedi.tv" site_id="296" xmltv_id="TV 21">TV 21</channel>
    <channel update="i" site="sporedi.tv" site_id="94" xmltv_id="TV 5 Monde">TV 5 Monde</channel>
    <channel update="i" site="sporedi.tv" site_id="223" xmltv_id="TV As">TV As</channel>
    <channel update="i" site="sporedi.tv" site_id="305" xmltv_id="TV Atlas">TV Atlas</channel>
    <channel update="i" site="sporedi.tv" site_id="224" xmltv_id="TV Celje">TV Celje</channel>
    <channel update="i" site="sporedi.tv" site_id="330" xmltv_id="TV Duga Novi sad">TV Duga Novi sad</channel>
    <channel update="i" site="sporedi.tv" site_id="95" xmltv_id="TV Espana">TV Espana</channel>
    <channel update="i" site="sporedi.tv" site_id="420" xmltv_id="TV Galeja">TV Galeja</channel>
    <channel update="i" site="sporedi.tv" site_id="144" xmltv_id="TV Golica">TV Golica</channel>
    <channel update="i" site="sporedi.tv" site_id="430" xmltv_id="TV H2O">TV H2O</channel>
    <channel update="i" site="sporedi.tv" site_id="308" xmltv_id="TV Istra">TV Istra</channel>
    <channel update="i" site="sporedi.tv" site_id="309" xmltv_id="TV Jadran">TV Jadran</channel>
    <channel update="i" site="sporedi.tv" site_id="445" xmltv_id="TV Komenda">TV Komenda</channel>
    <channel update="i" site="sporedi.tv" site_id="96" xmltv_id="TV Koper Capodistria">TV Koper Capodistria</channel>
    <channel update="i" site="sporedi.tv" site_id="157" xmltv_id="TV Petelin">TV Petelin</channel>
    <channel update="i" site="sporedi.tv" site_id="422" xmltv_id="TV Polonia">TV Polonia</channel>
    <channel update="i" site="sporedi.tv" site_id="227" xmltv_id="TV Primorka">TV Primorka</channel>
    <channel update="i" site="sporedi.tv" site_id="303" xmltv_id="TV Sarajevo">TV Sarajevo</channel>
    <channel update="i" site="sporedi.tv" site_id="320" xmltv_id="TV Sitel">TV Sitel</channel>
    <channel update="i" site="sporedi.tv" site_id="431" xmltv_id="TV Slovenj Gradec">TV Slovenj Gradec</channel>
    <channel update="i" site="sporedi.tv" site_id="331" xmltv_id="TV Svet Plus Beograd">TV Svet Plus Beograd</channel>
    <channel update="i" site="sporedi.tv" site_id="97" xmltv_id="TV Veseljak">TV Veseljak</channel>
    <channel update="i" site="sporedi.tv" site_id="421" xmltv_id="TvM">TvM</channel>
    <channel update="i" site="sporedi.tv" site_id="38" xmltv_id="Universal Channel">Universal Channel</channel>
    <channel update="i" site="sporedi.tv" site_id="158" xmltv_id="Vaš Kanal">Vaš Kanal</channel>
    <channel update="i" site="sporedi.tv" site_id="100" xmltv_id="VH 1">VH 1</channel>
    <channel update="i" site="sporedi.tv" site_id="101" xmltv_id="VH 1 Classic">VH 1 Classic</channel>
    <channel update="i" site="sporedi.tv" site_id="102" xmltv_id="Viasat Explore">Viasat Explore</channel>
    <channel update="i" site="sporedi.tv" site_id="103" xmltv_id="Viasat History">Viasat History</channel>
    <channel update="i" site="sporedi.tv" site_id="168" xmltv_id="Viasat Nature">Viasat Nature</channel>
    <channel update="i" site="sporedi.tv" site_id="344" xmltv_id="Vikom">Vikom</channel>
    <channel update="i" site="sporedi.tv" site_id="215" xmltv_id="Vitel">Vitel</channel>
    <channel update="i" site="sporedi.tv" site_id="104" xmltv_id="Viva">Viva</channel>
    <channel update="i" site="sporedi.tv" site_id="106" xmltv_id="Vox">Vox</channel>
    <channel update="i" site="sporedi.tv" site_id="219" xmltv_id="VTV">VTV</channel>
    <channel update="i" site="sporedi.tv" site_id="188" xmltv_id="Wild TV HD">Wild TV HD</channel>
    <channel update="i" site="sporedi.tv" site_id="441" xmltv_id="Woman">Woman</channel>
    <channel update="i" site="sporedi.tv" site_id="213" xmltv_id="Z1">Z1</channel>
    <channel update="i" site="sporedi.tv" site_id="108" xmltv_id="ZDF">ZDF</channel>
    <channel update="i" site="sporedi.tv" site_id="423" xmltv_id="ZDF HD">ZDF HD</channel>
    <channel update="i" site="sporedi.tv" site_id="269" xmltv_id="Zdrava TV">Zdrava TV</channel>
  </channels>
</site>