﻿<?xml version="1.0" encoding="UTF-8"?>
<site generator-info-name="WebGrab+Plus/w MDB &amp; REX Postprocess -- version V1.56.24 -- Jan van Straaten" site="sporttv.pt">
  <channels>
    <channel update="i" site="sporttv.pt" site_id="724" xmltv_id="SPORT.TV AMÉRICAS">SPORT.TV AMÉRICAS</channel>
    <channel update="i" site="sporttv.pt" site_id="731" xmltv_id="SPORT.TV GOLFE">SPORT.TV GOLFE</channel>
    <channel update="i" site="sporttv.pt" site_id="735" xmltv_id="SPORT.TV LIVE">SPORT.TV LIVE</channel>
    <channel update="i" site="sporttv.pt" site_id="733" xmltv_id="SPORT.TV ÁFRICA">SPORT.TV ÁFRICA</channel>
    <channel update="i" site="sporttv.pt" site_id="734" xmltv_id="SPORT.TV ÁFRICA2">SPORT.TV ÁFRICA2</channel>
    <channel update="i" site="sporttv.pt" site_id="727" xmltv_id="SPORT.TV1">SPORT.TV1</channel>
    <channel update="i" site="sporttv.pt" site_id="728" xmltv_id="SPORT.TV2">SPORT.TV2</channel>
    <channel update="i" site="sporttv.pt" site_id="729" xmltv_id="SPORT.TV3">SPORT.TV3</channel>
    <channel update="i" site="sporttv.pt" site_id="5406" xmltv_id="SPORT.TV4">SPORT.TV4</channel>
    <channel update="i" site="sporttv.pt" site_id="5422" xmltv_id="SPORT.TV5">SPORT.TV5</channel>
  </channels>
</site>