<?xml version="1.0" encoding="UTF-8"?>
<!--

Work in progress

See also:
* https://github.com/libretro/mupen64plus-libretro/blob/master/mupen64plus-core/src/plugin/emulate_game_controller_via_libretro.c

-->
<buttonmap>
  <controller id="game.controller.n64" type="analog">
    <feature name="a" mapto="a"/>
    <feature name="b" mapto="b"/>
    <feature name="cup" mapto="x"/>
    <feature name="cdown" mapto="r3"/>
    <feature name="cright" mapto="l3"/>
    <feature name="cleft" mapto="y"/>
    <feature name="start" mapto="start"/>
    <feature name="up" mapto="up"/>
    <feature name="down" mapto="down"/>
    <feature name="right" mapto="right"/>
    <feature name="left" mapto="left"/>
    <feature name="leftbumper" mapto="l"/>
    <feature name="rightbumper" mapto="r"/>
    <feature name="z" mapto="l2"/>
    <feature name="analogstick" mapto="leftstick"/>
  </controller>
</buttonmap>

