<?xml version="1.0" encoding="UTF-8"?>
<addon id="peripheral.steamcontroller" version="0.0.1.100" name="Steam controller driver" provider-name="Team-Kodi">
  <requires>
    <c-pluff version="0.1"/>
    <import addon="kodi.peripheral" version="1.2.0"/>
  </requires>
  <extension point="kodi.peripheral" provides_joysticks="true" library_linux="peripheral.steamcontroller.so.0.0.1"/>
  <extension point="xbmc.addon.metadata">
    <summary lang="en">Steam controller driver</summary>
    <description lang="en">This driver enables input from the Steam controller. It is currently a work-in-progress and does not work yet..</description>
    <platform>linux</platform>
    <nofanart>true</nofanart>
  </extension>
</addon>
