﻿<?xml version="1.0" encoding="UTF-8"?>
<site generator-info-name="WebGrab+Plus/w MDB &amp; REX Postprocess -- version V1.56.25 -- Jan van Straaten" site="osnplay.osn.com">
  <channels>
    <channel update="i" site="osnplay.osn.com" site_id="22560" xmltv_id="OSN Sports Cricket">OSN Sports Cricket</channel>
    <channel update="i" site="osnplay.osn.com" site_id="4068" xmltv_id="OSN Sports 1">OSN Sports 1</channel>
    <channel update="i" site="osnplay.osn.com" site_id="5607" xmltv_id="OSN Sports 2">OSN Sports 2</channel>
    <channel update="i" site="osnplay.osn.com" site_id="80142" xmltv_id="OSN Sports 3">OSN Sports 3</channel>
    <channel update="i" site="osnplay.osn.com" site_id="80143" xmltv_id="OSN Sports 4">OSN Sports 4</channel>
    <channel update="i" site="osnplay.osn.com" site_id="70580" xmltv_id="OSN WWE Network">OSN WWE Network</channel>
    <channel update="i" site="osnplay.osn.com" site_id="80144" xmltv_id="Abu Dhabi Sports 3">Abu Dhabi Sports 3</channel>
    <channel update="i" site="osnplay.osn.com" site_id="80145" xmltv_id="Abu Dhabi Sports 4">Abu Dhabi Sports 4</channel>
    <channel update="i" site="osnplay.osn.com" site_id="70588" xmltv_id="OSN Ya Hala">OSN Ya Hala</channel>
    <channel update="i" site="osnplay.osn.com" site_id="70591" xmltv_id="Nickelodeon (Arabic)">Nickelodeon (Arabic)</channel>
    <channel update="i" site="osnplay.osn.com" site_id="103139" xmltv_id="Disney Channel">Disney Channel</channel>
    <channel update="i" site="osnplay.osn.com" site_id="22561" xmltv_id="Disney Junior">Disney Junior</channel>
    <channel update="i" site="osnplay.osn.com" site_id="80148" xmltv_id="Nat Geo Wild">Nat Geo Wild</channel>
    <channel update="i" site="osnplay.osn.com" site_id="36604" xmltv_id="Food Network">Food Network</channel>
    <channel update="i" site="osnplay.osn.com" site_id="80146" xmltv_id="E! Entertainment">E! Entertainment</channel>
    <channel update="i" site="osnplay.osn.com" site_id="70583" xmltv_id="MTV Live">MTV Live</channel>
    <channel update="i" site="osnplay.osn.com" site_id="36603" xmltv_id="Sky News">Sky News</channel>
    <channel update="i" site="osnplay.osn.com" site_id="70586" xmltv_id="Aksyon TV">Aksyon TV</channel>
    <channel update="i" site="osnplay.osn.com" site_id="103140" xmltv_id="PBO">PBO</channel>
  </channels>
</site>