﻿<?xml version="1.0" encoding="UTF-8"?>
<site generator-info-name="WebGrab+Plus/w MDB &amp; REX Postprocess -- version V1.56.25 -- Jan van Straaten" site="mojportal.si">
  <channels>
    <channel update="i" site="mojportal.si" site_id="19/tv-slovenija-1" xmltv_id="TV Slovenija 1">TV Slovenija 1</channel>
    <channel update="i" site="mojportal.si" site_id="20/tv-slovenija-2" xmltv_id="TV Slovenija 2">TV Slovenija 2</channel>
    <channel update="i" site="mojportal.si" site_id="221/tv-slovenija-3" xmltv_id="TV Slovenija 3">TV Slovenija 3</channel>
    <channel update="i" site="mojportal.si" site_id="17/pop-tv" xmltv_id="Pop TV">Pop TV</channel>
    <channel update="i" site="mojportal.si" site_id="18/kanal-a" xmltv_id="Kanal A">Kanal A</channel>
    <channel update="i" site="mojportal.si" site_id="220/brio" xmltv_id="Brio">Brio</channel>
    <channel update="i" site="mojportal.si" site_id="273/kino" xmltv_id="Kino">Kino</channel>
    <channel update="i" site="mojportal.si" site_id="276/oto" xmltv_id="Oto">Oto</channel>
    <channel update="i" site="mojportal.si" site_id="23/tv3-medias" xmltv_id="TV3 Medias">TV3 Medias</channel>
    <channel update="i" site="mojportal.si" site_id="21/tv-koper" xmltv_id="TV Koper">TV Koper</channel>
    <channel update="i" site="mojportal.si" site_id="22/tv-maribor" xmltv_id="TV Maribor">TV Maribor</channel>
    <channel update="i" site="mojportal.si" site_id="325/planet-tv" xmltv_id="Planet TV">Planet TV</channel>
    <channel update="i" site="mojportal.si" site_id="326/planet-tv-hd" xmltv_id="Planet TV HD">Planet TV HD</channel>
    <channel update="i" site="mojportal.si" site_id="251/gtv" xmltv_id="GTV">GTV</channel>
    <channel update="i" site="mojportal.si" site_id="235/sponka-tv" xmltv_id="Sponka TV">Sponka TV</channel>
    <channel update="i" site="mojportal.si" site_id="236/sponka-arena" xmltv_id="Sponka Arena">Sponka Arena</channel>
    <channel update="i" site="mojportal.si" site_id="231/rts" xmltv_id="RTS">RTS</channel>
    <channel update="i" site="mojportal.si" site_id="230/net-tv" xmltv_id="Net TV">Net TV</channel>
    <channel update="i" site="mojportal.si" site_id="232/vtv" xmltv_id="VTV">VTV</channel>
    <channel update="i" site="mojportal.si" site_id="233/tv-celje" xmltv_id="TV Celje">TV Celje</channel>
    <channel update="i" site="mojportal.si" site_id="234/vas-kanal" xmltv_id="Vaš Kanal">Vaš Kanal</channel>
    <channel update="i" site="mojportal.si" site_id="237/tv-primorka" xmltv_id="TV Primorka">TV Primorka</channel>
    <channel update="i" site="mojportal.si" site_id="238/tv-as" xmltv_id="TV AS">TV AS</channel>
    <channel update="i" site="mojportal.si" site_id="239/veseljak-tv" xmltv_id="Veseljak TV">Veseljak TV</channel>
    <channel update="i" site="mojportal.si" site_id="228/gea-tv" xmltv_id="GEA TV">GEA TV</channel>
    <channel update="i" site="mojportal.si" site_id="229/info-tv" xmltv_id="Info TV">Info TV</channel>
    <channel update="i" site="mojportal.si" site_id="332/tv-golica" xmltv_id="TV Golica">TV Golica</channel>
    <channel update="i" site="mojportal.si" site_id="333/carli-tv" xmltv_id="Čarli TV">Čarli TV</channel>
  </channels>
</site>