<?xml version="1.0" encoding="UTF-8"?>
<addon id="inputstream.adaptive" version="1.0.8.9" name="InputStream Adaptive" provider-name="peak3d">
  <extension point="kodi.inputstream" name="adaptive" extension="" tags="true" listitemprops="license_type|license_key|license_data|manifest_type|server_certificate" library_linux="inputstream.adaptive.so.1.0.8"/>
  <extension point="xbmc.addon.metadata">
    <summary lang="en">InputStream client for adaptive streams</summary>
    <description lang="en">InputStream client for adaptive streams</description>
    <platform>linux</platform>
  </extension>
</addon>
