﻿<?xml version="1.0" encoding="UTF-8"?>
<site generator-info-name="WebGrab+Plus/w MDB &amp; REX Postprocess -- version V1.56.25 -- Jan van Straaten" site="siol.net">
  <channels>
    <channel update="i" site="siol.net" site_id="doq" xmltv_id="24Kitchen">24Kitchen</channel>
    <channel update="i" site="siol.net" site_id="24kitchenhd" xmltv_id="24Kitchen HD">24Kitchen HD</channel>
    <channel update="i" site="siol.net" site_id="3sat" xmltv_id="3sat">3sat</channel>
    <channel update="i" site="siol.net" site_id="mgm" xmltv_id="AMC">AMC</channel>
    <channel update="i" site="siol.net" site_id="ard" xmltv_id="ARD">ARD</channel>
    <channel update="i" site="siol.net" site_id="axn" xmltv_id="AXN">AXN</channel>
    <channel update="i" site="siol.net" site_id="axnspin" xmltv_id="AXN Spin">AXN Spin</channel>
    <channel update="i" site="siol.net" site_id="aljazeera" xmltv_id="Al Jazeera Balkans">Al Jazeera Balkans</channel>
    <channel update="i" site="siol.net" site_id="alsatm" xmltv_id="Alsat Macedonia">Alsat Macedonia</channel>
    <channel update="i" site="siol.net" site_id="animal" xmltv_id="Animal Planet">Animal Planet</channel>
    <channel update="i" site="siol.net" site_id="animalhd" xmltv_id="Animal Planet HD">Animal Planet HD</channel>
    <channel update="i" site="siol.net" site_id="arte" xmltv_id="Arte">Arte</channel>
    <channel update="i" site="siol.net" site_id="b92" xmltv_id="B 92">B 92</channel>
    <channel update="i" site="siol.net" site_id="b92i" xmltv_id="B 92 Info">B 92 Info</channel>
    <channel update="i" site="siol.net" site_id="bbcearth" xmltv_id="BBC Earth">BBC Earth</channel>
    <channel update="i" site="siol.net" site_id="bbcearthhd" xmltv_id="BBC Earth HD">BBC Earth HD</channel>
    <channel update="i" site="siol.net" site_id="bbcworld" xmltv_id="BBC World">BBC World</channel>
    <channel update="i" site="siol.net" site_id="bktv" xmltv_id="BK TV">BK TV</channel>
    <channel update="i" site="siol.net" site_id="bntv" xmltv_id="BN TV">BN TV</channel>
    <channel update="i" site="siol.net" site_id="bloomberg" xmltv_id="Bloomberg EU TV">Bloomberg EU TV</channel>
    <channel update="i" site="siol.net" site_id="boomerang" xmltv_id="Boomerang">Boomerang</channel>
    <channel update="i" site="siol.net" site_id="brio" xmltv_id="Brio">Brio</channel>
    <channel update="i" site="siol.net" site_id="briohd" xmltv_id="Brio HD">Brio HD</channel>
    <channel update="i" site="siol.net" site_id="romantica" xmltv_id="CBS Drama">CBS Drama</channel>
    <channel update="i" site="siol.net" site_id="reality" xmltv_id="CBS Reality">CBS Reality</channel>
    <channel update="i" site="siol.net" site_id="cmc" xmltv_id="CMC">CMC</channel>
    <channel update="i" site="siol.net" site_id="cnn" xmltv_id="CNN">CNN</channel>
    <channel update="i" site="siol.net" site_id="cartoon" xmltv_id="Cartoon / TCM">Cartoon / TCM</channel>
    <channel update="i" site="siol.net" site_id="russia1" xmltv_id="Channel One Russia">Channel One Russia</channel>
    <channel update="i" site="siol.net" site_id="cinestaraction" xmltv_id="CineStar TV Action &amp; Thriller">CineStar TV Action &amp; Thriller</channel>
    <channel update="i" site="siol.net" site_id="cinestarpr1" xmltv_id="CineStar TV Premiere 1">CineStar TV Premiere 1</channel>
    <channel update="i" site="siol.net" site_id="cinestarpr1hd" xmltv_id="CineStar TV Premiere 1 HD">CineStar TV Premiere 1 HD</channel>
    <channel update="i" site="siol.net" site_id="cinestarpr2" xmltv_id="CineStar TV Premiere 2">CineStar TV Premiere 2</channel>
    <channel update="i" site="siol.net" site_id="cinestarpr2hd" xmltv_id="CineStar TV Premiere 2 HD">CineStar TV Premiere 2 HD</channel>
    <channel update="i" site="siol.net" site_id="cinemax1" xmltv_id="Cinemax">Cinemax</channel>
    <channel update="i" site="siol.net" site_id="cinemax2" xmltv_id="Cinemax 2">Cinemax 2</channel>
    <channel update="i" site="siol.net" site_id="cinemaxhd2" xmltv_id="Cinemax 2 HD">Cinemax 2 HD</channel>
    <channel update="i" site="siol.net" site_id="cinemaxhd" xmltv_id="Cinemax HD">Cinemax HD</channel>
    <channel update="i" site="siol.net" site_id="cinestartv" xmltv_id="Cinestar">Cinestar</channel>
    <channel update="i" site="siol.net" site_id="comedycentral" xmltv_id="Comedy central">Comedy central</channel>
    <channel update="i" site="siol.net" site_id="dtx" xmltv_id="DTX">DTX</channel>
    <channel update="i" site="siol.net" site_id="dtxhd" xmltv_id="DTX HD">DTX HD</channel>
    <channel update="i" site="siol.net" site_id="davincilear" xmltv_id="Da Vinci Learning">Da Vinci Learning</channel>
    <channel update="i" site="siol.net" site_id="discovery" xmltv_id="Discovery Channel">Discovery Channel</channel>
    <channel update="i" site="siol.net" site_id="discoveryhd" xmltv_id="Discovery HD Showcase">Discovery HD Showcase</channel>
    <channel update="i" site="siol.net" site_id="discidx" xmltv_id="Discovery ID Xtra">Discovery ID Xtra</channel>
    <channel update="i" site="siol.net" site_id="discidxhd" xmltv_id="Discovery ID Xtra HD">Discovery ID Xtra HD</channel>
    <channel update="i" site="siol.net" site_id="discsci" xmltv_id="Discovery Science">Discovery Science</channel>
    <channel update="i" site="siol.net" site_id="discscihd" xmltv_id="Discovery Science HD">Discovery Science HD</channel>
    <channel update="i" site="siol.net" site_id="disctlc" xmltv_id="Discovery TLC">Discovery TLC</channel>
    <channel update="i" site="siol.net" site_id="discci" xmltv_id="Discovery World">Discovery World</channel>
    <channel update="i" site="siol.net" site_id="disney" xmltv_id="Disney Channel">Disney Channel</channel>
    <channel update="i" site="siol.net" site_id="jetix" xmltv_id="Disney XD">Disney XD</channel>
    <channel update="i" site="siol.net" site_id="drfit" xmltv_id="Dr. Fit">Dr. Fit</channel>
    <channel update="i" site="siol.net" site_id="drfithd" xmltv_id="Dr. Fit HD">Dr. Fit HD</channel>
    <channel update="i" site="siol.net" site_id="duna" xmltv_id="Duna TV">Duna TV</channel>
    <channel update="i" site="siol.net" site_id="eeurope" xmltv_id="E!">E!</channel>
    <channel update="i" site="siol.net" site_id="eltatv" xmltv_id="ELTA TV">ELTA TV</channel>
    <channel update="i" site="siol.net" site_id="ewtn" xmltv_id="EWTN">EWTN</channel>
    <channel update="i" site="siol.net" site_id="alternativa" xmltv_id="Elta 2">Elta 2</channel>
    <channel update="i" site="siol.net" site_id="eurosport" xmltv_id="Eurosport">Eurosport</channel>
    <channel update="i" site="siol.net" site_id="eurosport2" xmltv_id="Eurosport 2">Eurosport 2</channel>
    <channel update="i" site="siol.net" site_id="eurosport2hd" xmltv_id="Eurosport 2 HD">Eurosport 2 HD</channel>
    <channel update="i" site="siol.net" site_id="eurosporthd" xmltv_id="Eurosport HD">Eurosport HD</channel>
    <channel update="i" site="siol.net" site_id="exodustv" xmltv_id="Exodus TV">Exodus TV</channel>
    <channel update="i" site="siol.net" site_id="extreme" xmltv_id="Extreme TV">Extreme TV</channel>
    <channel update="i" site="siol.net" site_id="fln" xmltv_id="FLN">FLN</channel>
    <channel update="i" site="siol.net" site_id="fox" xmltv_id="FOX">FOX</channel>
    <channel update="i" site="siol.net" site_id="foxcrime" xmltv_id="FOX Crime">FOX Crime</channel>
    <channel update="i" site="siol.net" site_id="foxcrimehd" xmltv_id="FOX Crime HD">FOX Crime HD</channel>
    <channel update="i" site="siol.net" site_id="foxhd" xmltv_id="FOX HD">FOX HD</channel>
    <channel update="i" site="siol.net" site_id="foxlife" xmltv_id="FOX Life">FOX Life</channel>
    <channel update="i" site="siol.net" site_id="foxlifehd" xmltv_id="FOX Life HD">FOX Life HD</channel>
    <channel update="i" site="siol.net" site_id="foxmovies" xmltv_id="FOX Movies">FOX Movies</channel>
    <channel update="i" site="siol.net" site_id="foxmovieshd" xmltv_id="FOX Movies HD">FOX Movies HD</channel>
    <channel update="i" site="siol.net" site_id="ftv" xmltv_id="FTV">FTV</channel>
    <channel update="i" site="siol.net" site_id="fashionhd" xmltv_id="Fashion HD">Fashion HD</channel>
    <channel update="i" site="siol.net" site_id="fashion" xmltv_id="Fashion TV">Fashion TV</channel>
    <channel update="i" site="siol.net" site_id="fightchannel" xmltv_id="Fight Channel">Fight Channel</channel>
    <channel update="i" site="siol.net" site_id="fightworld" xmltv_id="Fight World">Fight World</channel>
    <channel update="i" site="siol.net" site_id="fightworldhd" xmltv_id="Fight World HD">Fight World HD</channel>
    <channel update="i" site="siol.net" site_id="foodhd" xmltv_id="Food HD TV">Food HD TV</channel>
    <channel update="i" site="siol.net" site_id="france24" xmltv_id="France 24">France 24</channel>
    <channel update="i" site="siol.net" site_id="ginx" xmltv_id="Ginx">Ginx</channel>
    <channel update="i" site="siol.net" site_id="ginxhd" xmltv_id="Ginx HD">Ginx HD</channel>
    <channel update="i" site="siol.net" site_id="gold" xmltv_id="Gold TV">Gold TV</channel>
    <channel update="i" site="siol.net" site_id="hbo_" xmltv_id="HBO">HBO</channel>
    <channel update="i" site="siol.net" site_id="hbo" xmltv_id="HBO">HBO</channel>
    <channel update="i" site="siol.net" site_id="hboc" xmltv_id="HBO 2">HBO 2</channel>
    <channel update="i" site="siol.net" site_id="hbocomedyhd" xmltv_id="HBO 2 HD">HBO 2 HD</channel>
    <channel update="i" site="siol.net" site_id="hbo3" xmltv_id="HBO 3">HBO 3</channel>
    <channel update="i" site="siol.net" site_id="hbohd" xmltv_id="HBO HD">HBO HD</channel>
    <channel update="i" site="siol.net" site_id="hrt1" xmltv_id="HRT 1">HRT 1</channel>
    <channel update="i" site="siol.net" site_id="hrt2" xmltv_id="HRT 2">HRT 2</channel>
    <channel update="i" site="siol.net" site_id="happy" xmltv_id="Happy TV">Happy TV</channel>
    <channel update="i" site="siol.net" site_id="hayat" xmltv_id="Hayat">Hayat</channel>
    <channel update="i" site="siol.net" site_id="historych" xmltv_id="History Channel">History Channel</channel>
    <channel update="i" site="siol.net" site_id="historyhd" xmltv_id="History Channel HD">History Channel HD</channel>
    <channel update="i" site="siol.net" site_id="jabukatv" xmltv_id="Jabuka (OTV)">Jabuka (OTV)</channel>
    <channel update="i" site="siol.net" site_id="jimjam" xmltv_id="JimJam">JimJam</channel>
    <channel update="i" site="siol.net" site_id="jugotontv" xmltv_id="Jugoton">Jugoton</channel>
    <channel update="i" site="siol.net" site_id="kcn" xmltv_id="KCN">KCN</channel>
    <channel update="i" site="siol.net" site_id="kcnm" xmltv_id="KCN Music">KCN Music</channel>
    <channel update="i" site="siol.net" site_id="kabel1" xmltv_id="Kabel 1">Kabel 1</channel>
    <channel update="i" site="siol.net" site_id="kanal5" xmltv_id="Kanal 5">Kanal 5</channel>
    <channel update="i" site="siol.net" site_id="akanal" xmltv_id="Kanal A">Kanal A</channel>
    <channel update="i" site="siol.net" site_id="akanalhd" xmltv_id="Kanal A HD">Kanal A HD</channel>
    <channel update="i" site="siol.net" site_id="popkino" xmltv_id="Kino">Kino</channel>
    <channel update="i" site="siol.net" site_id="popkinohd" xmltv_id="Kino HD">Kino HD</channel>
    <channel update="i" site="siol.net" site_id="klasiktv" xmltv_id="Klasik TV">Klasik TV</channel>
    <channel update="i" site="siol.net" site_id="mktv1" xmltv_id="MTV 1">MTV 1</channel>
    <channel update="i" site="siol.net" site_id="mktv2" xmltv_id="MTV 2">MTV 2</channel>
    <channel update="i" site="siol.net" site_id="mtv" xmltv_id="MTV Adria">MTV Adria</channel>
    <channel update="i" site="siol.net" site_id="mtvdance" xmltv_id="MTV Dance">MTV Dance</channel>
    <channel update="i" site="siol.net" site_id="mtvlivehd" xmltv_id="MTV HD">MTV HD</channel>
    <channel update="i" site="siol.net" site_id="mtvh" xmltv_id="MTV Hits">MTV Hits</channel>
    <channel update="i" site="siol.net" site_id="mtv2" xmltv_id="MTV Rocks">MTV Rocks</channel>
    <channel update="i" site="siol.net" site_id="mediainter" xmltv_id="Mediaset Italia">Mediaset Italia</channel>
    <channel update="i" site="siol.net" site_id="mezzo" xmltv_id="Mezzo">Mezzo</channel>
    <channel update="i" site="siol.net" site_id="minimax" xmltv_id="Minimax">Minimax</channel>
    <channel update="i" site="siol.net" site_id="motors" xmltv_id="Motors TV">Motors TV</channel>
    <channel update="i" site="siol.net" site_id="motorvisiontv" xmltv_id="Motorvision TV HD">Motorvision TV HD</channel>
    <channel update="i" site="siol.net" site_id="net" xmltv_id="NET TV">NET TV</channel>
    <channel update="i" site="siol.net" site_id="kakanj" xmltv_id="NTV IC Kakanj">NTV IC Kakanj</channel>
    <channel update="i" site="siol.net" site_id="narodna" xmltv_id="Narodna TV">Narodna TV</channel>
    <channel update="i" site="siol.net" site_id="natgeo" xmltv_id="National Geographic">National Geographic</channel>
    <channel update="i" site="siol.net" site_id="natgeohd" xmltv_id="National Geographic HD">National Geographic HD</channel>
    <channel update="i" site="siol.net" site_id="natgeow" xmltv_id="National Geographic Wild">National Geographic Wild</channel>
    <channel update="i" site="siol.net" site_id="natgeowhd" xmltv_id="National Geographic Wild HD">National Geographic Wild HD</channel>
    <channel update="i" site="siol.net" site_id="yachtsail" xmltv_id="Nautical Channel">Nautical Channel</channel>
    <channel update="i" site="siol.net" site_id="nickleodeon" xmltv_id="Nickelodeon">Nickelodeon</channel>
    <channel update="i" site="siol.net" site_id="nova24tv" xmltv_id="Nova 24 TV">Nova 24 TV</channel>
    <channel update="i" site="siol.net" site_id="nova24tvhd" xmltv_id="Nova 24 TV HD">Nova 24 TV HD</channel>
    <channel update="i" site="siol.net" site_id="obnbosna" xmltv_id="OBN">OBN</channel>
    <channel update="i" site="siol.net" site_id="orf1" xmltv_id="ORF 1">ORF 1</channel>
    <channel update="i" site="siol.net" site_id="orf2" xmltv_id="ORF 2">ORF 2</channel>
    <channel update="i" site="siol.net" site_id="popoto" xmltv_id="OTO">OTO</channel>
    <channel update="i" site="siol.net" site_id="popotohd" xmltv_id="OTO HD">OTO HD</channel>
    <channel update="i" site="siol.net" site_id="valentino" xmltv_id="OTV Valentino">OTV Valentino</channel>
    <channel update="i" site="siol.net" site_id="outdoor" xmltv_id="Outdoor">Outdoor</channel>
    <channel update="i" site="siol.net" site_id="outdoorhd" xmltv_id="Outdoor HD">Outdoor HD</channel>
    <channel update="i" site="siol.net" site_id="pinkslo" xmltv_id="PINK SI">PINK SI</channel>
    <channel update="i" site="siol.net" site_id="poptv" xmltv_id="POP TV">POP TV</channel>
    <channel update="i" site="siol.net" site_id="prvasrb" xmltv_id="PRVA Srbska TV">PRVA Srbska TV</channel>
    <channel update="i" site="siol.net" site_id="pink2" xmltv_id="Pink 2">Pink 2</channel>
    <channel update="i" site="siol.net" site_id="pinkextra" xmltv_id="Pink Extra">Pink Extra</channel>
    <channel update="i" site="siol.net" site_id="pinkfamily" xmltv_id="Pink Family">Pink Family</channel>
    <channel update="i" site="siol.net" site_id="pinkfilm" xmltv_id="Pink Film">Pink Film</channel>
    <channel update="i" site="siol.net" site_id="pinkfolk" xmltv_id="Pink Folk">Pink Folk</channel>
    <channel update="i" site="siol.net" site_id="pinkkids" xmltv_id="Pink Kids">Pink Kids</channel>
    <channel update="i" site="siol.net" site_id="pinkmovie" xmltv_id="Pink Movies">Pink Movies</channel>
    <channel update="i" site="siol.net" site_id="pinkmusic" xmltv_id="Pink Music">Pink Music</channel>
    <channel update="i" site="siol.net" site_id="pink" xmltv_id="Pink Plus">Pink Plus</channel>
    <channel update="i" site="siol.net" site_id="pinkworld" xmltv_id="Pink World">Pink World</channel>
    <channel update="i" site="siol.net" site_id="pinkzabava" xmltv_id="Pink Zabava">Pink Zabava</channel>
    <channel update="i" site="siol.net" site_id="planettv" xmltv_id="Planet">Planet</channel>
    <channel update="i" site="siol.net" site_id="planet1" xmltv_id="Planet +1">Planet +1</channel>
    <channel update="i" site="siol.net" site_id="planet1hd" xmltv_id="Planet +1 HD">Planet +1 HD</channel>
    <channel update="i" site="siol.net" site_id="planettvhd" xmltv_id="Planet HD">Planet HD</channel>
    <channel update="i" site="siol.net" site_id="poptvhd" xmltv_id="Pop TV HD">Pop TV HD</channel>
    <channel update="i" site="siol.net" site_id="pro7" xmltv_id="Pro7">Pro7</channel>
    <channel update="i" site="siol.net" site_id="ptujtv" xmltv_id="Ptujska TV">Ptujska TV</channel>
    <channel update="i" site="siol.net" site_id="rai1" xmltv_id="RAI 1">RAI 1</channel>
    <channel update="i" site="siol.net" site_id="rai2" xmltv_id="RAI 2">RAI 2</channel>
    <channel update="i" site="siol.net" site_id="rai3" xmltv_id="RAI 3">RAI 3</channel>
    <channel update="i" site="siol.net" site_id="rtcg" xmltv_id="RT Crna gora">RT Crna gora</channel>
    <channel update="i" site="siol.net" site_id="rts" xmltv_id="RT Srbija">RT Srbija</channel>
    <channel update="i" site="siol.net" site_id="rtl" xmltv_id="RTL">RTL</channel>
    <channel update="i" site="siol.net" site_id="rtlhrvatska2" xmltv_id="RTL 2 Hrvaška">RTL 2 Hrvaška</channel>
    <channel update="i" site="siol.net" site_id="rtlhrvatska" xmltv_id="RTL Hrvaška">RTL Hrvaška</channel>
    <channel update="i" site="siol.net" site_id="rtl2" xmltv_id="RTL II">RTL II</channel>
    <channel update="i" site="siol.net" site_id="rtlliving" xmltv_id="RTL Living">RTL Living</channel>
    <channel update="i" site="siol.net" site_id="rtrs" xmltv_id="RTRS">RTRS</channel>
    <channel update="i" site="siol.net" site_id="rts1" xmltv_id="RTS 1">RTS 1</channel>
    <channel update="i" site="siol.net" site_id="rts2" xmltv_id="RTS 2">RTS 2</channel>
    <channel update="i" site="siol.net" site_id="rtsm" xmltv_id="RTS Maribor">RTS Maribor</channel>
    <channel update="i" site="siol.net" site_id="rtv21p" xmltv_id="RTV 21 PLUS">RTV 21 PLUS</channel>
    <channel update="i" site="siol.net" site_id="russiatoday" xmltv_id="Russia Today">Russia Today</channel>
    <channel update="i" site="siol.net" site_id="sat1" xmltv_id="SAT 1">SAT 1</channel>
    <channel update="i" site="siol.net" site_id="sitel3" xmltv_id="Sitel 3">Sitel 3</channel>
    <channel update="i" site="siol.net" site_id="sportkl" xmltv_id="Sport Klub 1">Sport Klub 1</channel>
    <channel update="i" site="siol.net" site_id="sk1hd" xmltv_id="Sport Klub 1 HD">Sport Klub 1 HD</channel>
    <channel update="i" site="siol.net" site_id="sportklubp" xmltv_id="Sport Klub 2">Sport Klub 2</channel>
    <channel update="i" site="siol.net" site_id="sk2hd" xmltv_id="Sport Klub 2 HD">Sport Klub 2 HD</channel>
    <channel update="i" site="siol.net" site_id="sportklubprime" xmltv_id="Sport Klub 3">Sport Klub 3</channel>
    <channel update="i" site="siol.net" site_id="sk3hd" xmltv_id="Sport Klub 3 HD">Sport Klub 3 HD</channel>
    <channel update="i" site="siol.net" site_id="sk4" xmltv_id="Sport Klub 4">Sport Klub 4</channel>
    <channel update="i" site="siol.net" site_id="sk5" xmltv_id="Sport Klub 5">Sport Klub 5</channel>
    <channel update="i" site="siol.net" site_id="sk6" xmltv_id="Sport Klub 6">Sport Klub 6</channel>
    <channel update="i" site="siol.net" site_id="dsf" xmltv_id="Sport1">Sport1</channel>
    <channel update="i" site="siol.net" site_id="superrtl" xmltv_id="Super RTL">Super RTL</channel>
    <channel update="i" site="siol.net" site_id="tv1" xmltv_id="TV 1">TV 1</channel>
    <channel update="i" site="siol.net" site_id="tv1000" xmltv_id="TV 1000">TV 1000</channel>
    <channel update="i" site="siol.net" site_id="atlas" xmltv_id="TV Atlas">TV Atlas</channel>
    <channel update="i" site="siol.net" site_id="dugans" xmltv_id="TV Duga Novi sad">TV Duga Novi sad</channel>
    <channel update="i" site="siol.net" site_id="istra" xmltv_id="TV Istra">TV Istra</channel>
    <channel update="i" site="siol.net" site_id="jadran" xmltv_id="TV Jadran">TV Jadran</channel>
    <channel update="i" site="siol.net" site_id="koper" xmltv_id="TV Koper Capodistria">TV Koper Capodistria</channel>
    <channel update="i" site="siol.net" site_id="slo1hd" xmltv_id="TV SLO 1 HD">TV SLO 1 HD</channel>
    <channel update="i" site="siol.net" site_id="slo2" xmltv_id="TV SLO 2">TV SLO 2</channel>
    <channel update="i" site="siol.net" site_id="slo2hd" xmltv_id="TV SLO 2 HD">TV SLO 2 HD</channel>
    <channel update="i" site="siol.net" site_id="slo3" xmltv_id="TV SLO 3">TV SLO 3</channel>
    <channel update="i" site="siol.net" site_id="sarajevo" xmltv_id="TV Sarajevo">TV Sarajevo</channel>
    <channel update="i" site="siol.net" site_id="sitel" xmltv_id="TV Sitel">TV Sitel</channel>
    <channel update="i" site="siol.net" site_id="spbeograd" xmltv_id="TV Svet Plus Beograd">TV Svet Plus Beograd</channel>
    <channel update="i" site="siol.net" site_id="paprika" xmltv_id="TV Veseljak">TV Veseljak</channel>
    <channel update="i" site="siol.net" site_id="pinksi" xmltv_id="TV3 Medias">TV3 Medias</channel>
    <channel update="i" site="siol.net" site_id="tv5" xmltv_id="TV5MONDE">TV5MONDE</channel>
    <channel update="i" site="siol.net" site_id="tve" xmltv_id="TVE">TVE</channel>
    <channel update="i" site="siol.net" site_id="telma" xmltv_id="Telma TV">Telma TV</channel>
    <channel update="i" site="siol.net" site_id="infotv" xmltv_id="Top TV">Top TV</channel>
    <channel update="i" site="siol.net" site_id="tracesport" xmltv_id="Trace Sport">Trace Sport</channel>
    <channel update="i" site="siol.net" site_id="trace" xmltv_id="Trace Urban">Trace Urban</channel>
    <channel update="i" site="siol.net" site_id="travel" xmltv_id="Travel Channel">Travel Channel</channel>
    <channel update="i" site="siol.net" site_id="travelhd" xmltv_id="Travel Channel HD">Travel Channel HD</channel>
    <channel update="i" site="siol.net" site_id="tring7" xmltv_id="Tring 7">Tring 7</channel>
    <channel update="i" site="siol.net" site_id="tringm" xmltv_id="Tring Max">Tring Max</channel>
    <channel update="i" site="siol.net" site_id="trings" xmltv_id="Tring Shiqip">Tring Shiqip</channel>
    <channel update="i" site="siol.net" site_id="tringt" xmltv_id="Tring Tring">Tring Tring</channel>
    <channel update="i" site="siol.net" site_id="tringvp" xmltv_id="Tring Vizion+">Tring Vizion+</channel>
    <channel update="i" site="siol.net" site_id="hallmark" xmltv_id="Universal Channel">Universal Channel</channel>
    <channel update="i" site="siol.net" site_id="vh1" xmltv_id="VH1">VH1</channel>
    <channel update="i" site="siol.net" site_id="vh1cla" xmltv_id="VH1 Classic">VH1 Classic</channel>
    <channel update="i" site="siol.net" site_id="vox" xmltv_id="VOX">VOX</channel>
    <channel update="i" site="siol.net" site_id="history" xmltv_id="Viasat History">Viasat History</channel>
    <channel update="i" site="siol.net" site_id="vikom" xmltv_id="Vikom">Vikom</channel>
    <channel update="i" site="siol.net" site_id="wildtvhd" xmltv_id="Wild TV HD">Wild TV HD</channel>
    <channel update="i" site="siol.net" site_id="woman" xmltv_id="Woman">Woman</channel>
    <channel update="i" site="siol.net" site_id="womanhd" xmltv_id="Woman HD">Woman HD</channel>
    <channel update="i" site="siol.net" site_id="z1" xmltv_id="Z1 Televizija">Z1 Televizija</channel>
    <channel update="i" site="siol.net" site_id="zdf" xmltv_id="ZDF">ZDF</channel>
    <channel update="i" site="siol.net" site_id="zdrava" xmltv_id="Zdrava TV">Zdrava TV</channel>
    <channel update="i" site="siol.net" site_id="sporttv" xmltv_id="Šport TV 1">Šport TV 1</channel>
    <channel update="i" site="siol.net" site_id="sporttvhd" xmltv_id="Šport TV 1 HD">Šport TV 1 HD</channel>
    <channel update="i" site="siol.net" site_id="sporttv2" xmltv_id="Šport TV 2">Šport TV 2</channel>
    <channel update="i" site="siol.net" site_id="sporttv2hd" xmltv_id="Šport TV 2 HD">Šport TV 2 HD</channel>
    <channel update="i" site="siol.net" site_id="sporttv3" xmltv_id="Šport TV 3">Šport TV 3</channel>
    <channel update="i" site="siol.net" site_id="sporttv3hd" xmltv_id="Šport TV 3 HD">Šport TV 3 HD</channel>
    <channel update="i" site="siol.net" site_id="8" xmltv_id="Dokumentarni">Dokumentarni</channel>
    <channel update="i" site="siol.net" site_id="1" xmltv_id="Film">Film</channel>
    <channel update="i" site="siol.net" site_id="7" xmltv_id="Informativni">Informativni</channel>
    <channel update="i" site="siol.net" site_id="9" xmltv_id="Izobraževalni">Izobraževalni</channel>
    <channel update="i" site="siol.net" site_id="10" xmltv_id="Kulturno-umetniški">Kulturno-umetniški</channel>
    <channel update="i" site="siol.net" site_id="4" xmltv_id="Nadaljevanka">Nadaljevanka</channel>
    <channel update="i" site="siol.net" site_id="5" xmltv_id="Nanizanka">Nanizanka</channel>
    <channel update="i" site="siol.net" site_id="0" xmltv_id="Neznan">Neznan</channel>
    <channel update="i" site="siol.net" site_id="6" xmltv_id="Otroški in mladinski">Otroški in mladinski</channel>
    <channel update="i" site="siol.net" site_id="12" xmltv_id="Pogovorni">Pogovorni</channel>
    <channel update="i" site="siol.net" site_id="13" xmltv_id="Politika">Politika</channel>
    <channel update="i" site="siol.net" site_id="15" xmltv_id="Propagandni program">Propagandni program</channel>
    <channel update="i" site="siol.net" site_id="11" xmltv_id="Razvedrilni">Razvedrilni</channel>
    <channel update="i" site="siol.net" site_id="3" xmltv_id="Verski">Verski</channel>
    <channel update="i" site="siol.net" site_id="14" xmltv_id="Za odrasle">Za odrasle</channel>
    <channel update="i" site="siol.net" site_id="2" xmltv_id="Šport">Šport</channel>
    <channel update="i" site="siol.net" site_id="77" xmltv_id="Ameriški nogomet">Ameriški nogomet</channel>
    <channel update="i" site="siol.net" site_id="78" xmltv_id="Badminton">Badminton</channel>
    <channel update="i" site="siol.net" site_id="72" xmltv_id="Biatlon">Biatlon</channel>
    <channel update="i" site="siol.net" site_id="89" xmltv_id="Biljard">Biljard</channel>
    <channel update="i" site="siol.net" site_id="73" xmltv_id="Boks">Boks</channel>
    <channel update="i" site="siol.net" site_id="90" xmltv_id="Borilni športi">Borilni športi</channel>
    <channel update="i" site="siol.net" site_id="76" xmltv_id="Deskanje na snegu">Deskanje na snegu</channel>
    <channel update="i" site="siol.net" site_id="79" xmltv_id="Ekstremni športi">Ekstremni športi</channel>
    <channel update="i" site="siol.net" site_id="70" xmltv_id="Erotični">Erotični</channel>
    <channel update="i" site="siol.net" site_id="91" xmltv_id="Film">Film</channel>
    <channel update="i" site="siol.net" site_id="92" xmltv_id="Formula 1">Formula 1</channel>
    <channel update="i" site="siol.net" site_id="75" xmltv_id="Golf">Golf</channel>
    <channel update="i" site="siol.net" site_id="93" xmltv_id="Gospodarstvo">Gospodarstvo</channel>
    <channel update="i" site="siol.net" site_id="16" xmltv_id="Grozljivka">Grozljivka</channel>
    <channel update="i" site="siol.net" site_id="17" xmltv_id="Hokej">Hokej</channel>
    <channel update="i" site="siol.net" site_id="94" xmltv_id="Humoristični">Humoristični</channel>
    <channel update="i" site="siol.net" site_id="18" xmltv_id="Igre na srečo">Igre na srečo</channel>
    <channel update="i" site="siol.net" site_id="19" xmltv_id="Infokanal">Infokanal</channel>
    <channel update="i" site="siol.net" site_id="20" xmltv_id="Informativna oddaja">Informativna oddaja</channel>
    <channel update="i" site="siol.net" site_id="21" xmltv_id="Intervju">Intervju</channel>
    <channel update="i" site="siol.net" site_id="22" xmltv_id="Izobraževalna oddaja">Izobraževalna oddaja</channel>
    <channel update="i" site="siol.net" site_id="74" xmltv_id="Jadranje">Jadranje</channel>
    <channel update="i" site="siol.net" site_id="23" xmltv_id="Književnost">Književnost</channel>
    <channel update="i" site="siol.net" site_id="88" xmltv_id="Kolesarstvo">Kolesarstvo</channel>
    <channel update="i" site="siol.net" site_id="24" xmltv_id="Komedija">Komedija</channel>
    <channel update="i" site="siol.net" site_id="87" xmltv_id="Koncert">Koncert</channel>
    <channel update="i" site="siol.net" site_id="80" xmltv_id="Konjeništvo">Konjeništvo</channel>
    <channel update="i" site="siol.net" site_id="25" xmltv_id="Kontaktna oddaja">Kontaktna oddaja</channel>
    <channel update="i" site="siol.net" site_id="26" xmltv_id="Košarka">Košarka</channel>
    <channel update="i" site="siol.net" site_id="27" xmltv_id="Kratki">Kratki</channel>
    <channel update="i" site="siol.net" site_id="71" xmltv_id="Kriminalka">Kriminalka</channel>
    <channel update="i" site="siol.net" site_id="95" xmltv_id="Kuharska oddaja">Kuharska oddaja</channel>
    <channel update="i" site="siol.net" site_id="28" xmltv_id="Kultura">Kultura</channel>
    <channel update="i" site="siol.net" site_id="29" xmltv_id="Kviz">Kviz</channel>
    <channel update="i" site="siol.net" site_id="81" xmltv_id="Magazin">Magazin</channel>
    <channel update="i" site="siol.net" site_id="30" xmltv_id="Misterij">Misterij</channel>
    <channel update="i" site="siol.net" site_id="96" xmltv_id="Moda">Moda</channel>
    <channel update="i" site="siol.net" site_id="82" xmltv_id="Motokros">Motokros</channel>
    <channel update="i" site="siol.net" site_id="97" xmltv_id="Muzikal">Muzikal</channel>
    <channel update="i" site="siol.net" site_id="98" xmltv_id="Nadaljevanka">Nadaljevanka</channel>
    <channel update="i" site="siol.net" site_id="83" xmltv_id="Namizni tenis">Namizni tenis</channel>
    <channel update="i" site="siol.net" site_id="99" xmltv_id="Nanizanka">Nanizanka</channel>
    <channel update="i" site="siol.net" site_id="100" xmltv_id="Napovedniki">Napovedniki</channel>
    <channel update="i" site="siol.net" site_id="31" xmltv_id="Naravoslovje">Naravoslovje</channel>
    <channel update="i" site="siol.net" site_id="32" xmltv_id="Nogomet">Nogomet</channel>
    <channel update="i" site="siol.net" site_id="33" xmltv_id="Notranje politična oddaja">Notranje politična oddaja</channel>
    <channel update="i" site="siol.net" site_id="86" xmltv_id="Odbojka">Odbojka</channel>
    <channel update="i" site="siol.net" site_id="101" xmltv_id="Oglasi">Oglasi</channel>
    <channel update="i" site="siol.net" site_id="34" xmltv_id="Omizje">Omizje</channel>
    <channel update="i" site="siol.net" site_id="102" xmltv_id="Opera">Opera</channel>
    <channel update="i" site="siol.net" site_id="103" xmltv_id="Ostalo">Ostalo</channel>
    <channel update="i" site="siol.net" site_id="69" xmltv_id="Otroška oddaja">Otroška oddaja</channel>
    <channel update="i" site="siol.net" site_id="36" xmltv_id="Otroški ali mladinski film">Otroški ali mladinski film</channel>
    <channel update="i" site="siol.net" site_id="37" xmltv_id="Plavanje">Plavanje</channel>
    <channel update="i" site="siol.net" site_id="38" xmltv_id="Ples">Ples</channel>
    <channel update="i" site="siol.net" site_id="39" xmltv_id="Pogovorna oddaja">Pogovorna oddaja</channel>
    <channel update="i" site="siol.net" site_id="104" xmltv_id="Poker">Poker</channel>
    <channel update="i" site="siol.net" site_id="40" xmltv_id="Poljudnoznanstvena oddaja">Poljudnoznanstvena oddaja</channel>
    <channel update="i" site="siol.net" site_id="41" xmltv_id="Potopis">Potopis</channel>
    <channel update="i" site="siol.net" site_id="42" xmltv_id="Predstava">Predstava</channel>
    <channel update="i" site="siol.net" site_id="105" xmltv_id="Prireditev">Prireditev</channel>
    <channel update="i" site="siol.net" site_id="43" xmltv_id="Promet">Promet</channel>
    <channel update="i" site="siol.net" site_id="106" xmltv_id="Proslava">Proslava</channel>
    <channel update="i" site="siol.net" site_id="44" xmltv_id="Pustolovščina">Pustolovščina</channel>
    <channel update="i" site="siol.net" site_id="84" xmltv_id="Ragbi">Ragbi</channel>
    <channel update="i" site="siol.net" site_id="107" xmltv_id="Reportaža">Reportaža</channel>
    <channel update="i" site="siol.net" site_id="45" xmltv_id="Resničnostna TV">Resničnostna TV</channel>
    <channel update="i" site="siol.net" site_id="46" xmltv_id="Risanka">Risanka</channel>
    <channel update="i" site="siol.net" site_id="47" xmltv_id="Rokomet">Rokomet</channel>
    <channel update="i" site="siol.net" site_id="48" xmltv_id="Romantičen">Romantičen</channel>
    <channel update="i" site="siol.net" site_id="108" xmltv_id="Romantična komedija">Romantična komedija</channel>
    <channel update="i" site="siol.net" site_id="49" xmltv_id="Smučanje">Smučanje</channel>
    <channel update="i" site="siol.net" site_id="50" xmltv_id="Smučarski skoki">Smučarski skoki</channel>
    <channel update="i" site="siol.net" site_id="109" xmltv_id="Smučarski teki">Smučarski teki</channel>
    <channel update="i" site="siol.net" site_id="111" xmltv_id="Srhljivka">Srhljivka</channel>
    <channel update="i" site="siol.net" site_id="85" xmltv_id="Supermoto">Supermoto</channel>
    <channel update="i" site="siol.net" site_id="51" xmltv_id="Svetovalna oddaja">Svetovalna oddaja</channel>
    <channel update="i" site="siol.net" site_id="113" xmltv_id="TV prodaja">TV prodaja</channel>
    <channel update="i" site="siol.net" site_id="52" xmltv_id="Tehnika">Tehnika</channel>
    <channel update="i" site="siol.net" site_id="112" xmltv_id="Telenovela">Telenovela</channel>
    <channel update="i" site="siol.net" site_id="53" xmltv_id="Tenis">Tenis</channel>
    <channel update="i" site="siol.net" site_id="54" xmltv_id="Triler">Triler</channel>
    <channel update="i" site="siol.net" site_id="57" xmltv_id="Umetnost">Umetnost</channel>
    <channel update="i" site="siol.net" site_id="114" xmltv_id="Vaterpolo">Vaterpolo</channel>
    <channel update="i" site="siol.net" site_id="58" xmltv_id="Verska oddaja">Verska oddaja</channel>
    <channel update="i" site="siol.net" site_id="59" xmltv_id="Verski obred">Verski obred</channel>
    <channel update="i" site="siol.net" site_id="60" xmltv_id="Veslanje">Veslanje</channel>
    <channel update="i" site="siol.net" site_id="61" xmltv_id="Vestern">Vestern</channel>
    <channel update="i" site="siol.net" site_id="62" xmltv_id="Vojni">Vojni</channel>
    <channel update="i" site="siol.net" site_id="63" xmltv_id="Vreme">Vreme</channel>
    <channel update="i" site="siol.net" site_id="64" xmltv_id="Vzgojna oddaja">Vzgojna oddaja</channel>
    <channel update="i" site="siol.net" site_id="65" xmltv_id="Zabavna oddaja">Zabavna oddaja</channel>
    <channel update="i" site="siol.net" site_id="66" xmltv_id="Zgodovina">Zgodovina</channel>
    <channel update="i" site="siol.net" site_id="67" xmltv_id="Zgodovinski">Zgodovinski</channel>
    <channel update="i" site="siol.net" site_id="68" xmltv_id="Znanstvena fantastika">Znanstvena fantastika</channel>
    <channel update="i" site="siol.net" site_id="110" xmltv_id="Šolska oddaja">Šolska oddaja</channel>
  </channels>
</site>