<?xml version="1.0" encoding="UTF-8"?>
<addon id="game.libretro.virtualjaguar" name="Atari Jaguar (Virtual Jaguar)" version="2.1.0.101" provider-name="Libretro">
  <requires>
    <import addon="game.libretro" version="1.0.0"/>
  </requires>
  <extension point="kodi.gameclient" library_linux="game.libretro.virtualjaguar.so">
    <platforms>Jaguar</platforms>
    <extensions>j64|jag</extensions>
    <supports_vfs>true</supports_vfs>
    <supports_standalone>false</supports_standalone>
    <supports_keyboard>false</supports_keyboard>
    <supports_mouse>false</supports_mouse>
  </extension>
  <extension point="xbmc.addon.metadata">
    <summary lang="en">Atari Jaguar (Virtual Jaguar) v2.1.0</summary>
    <description>Supported files: .j64, .jag</description>
    <license>GPLv3</license>
    <platform>linux</platform>
    <assets>
      <screenshot>resources/screenshot-01.jpg</screenshot>
      <screenshot>resources/screenshot-02.jpg</screenshot>
      <screenshot>resources/screenshot-03.jpg</screenshot>
    </assets>
  </extension>
</addon>
