<?xml version="1.0" encoding="UTF-8"?>
<addon id="audiodecoder.ncsf" version="1.1.4.2" name="NCSF Audio Decoder" provider-name="spiff">
  <requires>
    <import addon="kodi.binary.global.main" version="1.0.9"/>
    <import addon="kodi.binary.instance.audiodecoder" version="1.0.1"/>
  </requires>
  <extension point="kodi.audiodecoder" name="ncsf" extension=".minincsf" tags="true" library_linux="audiodecoder.ncsf.so.1.1.4"/>
  <extension point="xbmc.addon.metadata">
    <summary lang="en">NCSF Audio Decoder</summary>
    <description lang="en">NCSF Audio Decoder</description>
    <platform>linux</platform>
  </extension>
</addon>
