﻿<?xml version="1.0" encoding="UTF-8"?>
<site generator-info-name="WebGrab+Plus/w MDB &amp; REX Postprocess -- version V1.56.23.1 -- Jan van Straaten" site="clickthecity.com">
  <channels>
    <channel update="i" site="clickthecity.com" site_id="3" xmltv_id="ABS-CBN 2">ABS-CBN 2</channel>
    <channel update="i" site="clickthecity.com" site_id="5" xmltv_id="TV 5">TV 5</channel>
    <channel update="i" site="clickthecity.com" site_id="2" xmltv_id="GMA 7">GMA 7</channel>
    <channel update="i" site="clickthecity.com" site_id="7" xmltv_id="IBC 13">IBC 13</channel>
    <channel update="i" site="clickthecity.com" site_id="137" xmltv_id="ETC">ETC</channel>
    <channel update="i" site="clickthecity.com" site_id="147" xmltv_id="2nd Avenue">2nd Avenue</channel>
    <channel update="i" site="clickthecity.com" site_id="131" xmltv_id="JackTV">JackTV</channel>
    <channel update="i" site="clickthecity.com" site_id="140" xmltv_id="Solar Sports">Solar Sports</channel>
    <channel update="i" site="clickthecity.com" site_id="173" xmltv_id="ABS CBN Sports+Action">ABS CBN Sports+Action</channel>
    <channel update="i" site="clickthecity.com" site_id="13" xmltv_id="ANC">ANC</channel>
    <channel update="i" site="clickthecity.com" site_id="126" xmltv_id="AXN">AXN</channel>
    <channel update="i" site="clickthecity.com" site_id="168" xmltv_id="Animax">Animax</channel>
    <channel update="i" site="clickthecity.com" site_id="177" xmltv_id="CNN Philippines">CNN Philippines</channel>
    <channel update="i" site="clickthecity.com" site_id="175" xmltv_id="CT">CT</channel>
    <channel update="i" site="clickthecity.com" site_id="103" xmltv_id="Cartoon Network">Cartoon Network</channel>
    <channel update="i" site="clickthecity.com" site_id="82" xmltv_id="Cinema One">Cinema One</channel>
    <channel update="i" site="clickthecity.com" site_id="172" xmltv_id="CinemaWorld">CinemaWorld</channel>
    <channel update="i" site="clickthecity.com" site_id="30" xmltv_id="Cinemax">Cinemax</channel>
    <channel update="i" site="clickthecity.com" site_id="163" xmltv_id="Crime and Investigation">Crime and Investigation</channel>
    <channel update="i" site="clickthecity.com" site_id="41" xmltv_id="Discovery Channel">Discovery Channel</channel>
    <channel update="i" site="clickthecity.com" site_id="129" xmltv_id="Disney Channel">Disney Channel</channel>
    <channel update="i" site="clickthecity.com" site_id="169" xmltv_id="Fox Movies Premium">Fox Movies Premium</channel>
    <channel update="i" site="clickthecity.com" site_id="8" xmltv_id="HBO">HBO</channel>
    <channel update="i" site="clickthecity.com" site_id="144" xmltv_id="Hero TV">Hero TV</channel>
    <channel update="i" site="clickthecity.com" site_id="162" xmltv_id="History Channel">History Channel</channel>
    <channel update="i" site="clickthecity.com" site_id="179" xmltv_id="Jeepney TV">Jeepney TV</channel>
    <channel update="i" site="clickthecity.com" site_id="66" xmltv_id="Lifestyle Network">Lifestyle Network</channel>
    <channel update="i" site="clickthecity.com" site_id="139" xmltv_id="MYX">MYX</channel>
    <channel update="i" site="clickthecity.com" site_id="171" xmltv_id="NBA Premium TV">NBA Premium TV</channel>
    <channel update="i" site="clickthecity.com" site_id="75" xmltv_id="National Geographic">National Geographic</channel>
    <channel update="i" site="clickthecity.com" site_id="78" xmltv_id="Nickelodeon">Nickelodeon</channel>
    <channel update="i" site="clickthecity.com" site_id="142" xmltv_id="PBO">PBO</channel>
    <channel update="i" site="clickthecity.com" site_id="176" xmltv_id="Sony Channel">Sony Channel</channel>
    <channel update="i" site="clickthecity.com" site_id="135" xmltv_id="Star Movies">Star Movies</channel>
    <channel update="i" site="clickthecity.com" site_id="123" xmltv_id="Star World">Star World</channel>
    <channel update="i" site="clickthecity.com" site_id="178" xmltv_id="Tagalized Movie Channel">Tagalized Movie Channel</channel>
    <channel update="i" site="clickthecity.com" site_id="160" xmltv_id="Telenovela Channel">Telenovela Channel</channel>
    <channel update="i" site="clickthecity.com" site_id="157" xmltv_id="Universal Channel">Universal Channel</channel>
    <channel update="i" site="clickthecity.com" site_id="155" xmltv_id="Viva Channel">Viva Channel</channel>
    <channel update="i" site="clickthecity.com" site_id="138" xmltv_id="bTV">bTV</channel>
  </channels>
</site>