﻿<?xml version="1.0" encoding="UTF-8"?>
<site generator-info-name="WebGrab+Plus/w MDB &amp; REX Postprocess -- version V1.56.25 -- Jan van Straaten" site="tv.foxsportsasia.com">
  <channels>
    <channel update="i" site="tv.foxsportsasia.com" site_id="ECN1" xmltv_id="ESPN China">ESPN China</channel>
    <channel update="i" site="tv.foxsportsasia.com" site_id="EHK1" xmltv_id="FOX Sports">FOX Sports</channel>
    <channel update="i" site="tv.foxsportsasia.com" site_id="EID1" xmltv_id="FOX Sports">FOX Sports</channel>
    <channel update="i" site="tv.foxsportsasia.com" site_id="EIN1" xmltv_id="ESPN India">ESPN India</channel>
    <channel update="i" site="tv.foxsportsasia.com" site_id="EINA" xmltv_id="ESPN HD India">ESPN HD India</channel>
    <channel update="i" site="tv.foxsportsasia.com" site_id="EML1" xmltv_id="FOX Sports">FOX Sports</channel>
    <channel update="i" site="tv.foxsportsasia.com" site_id="EMLA" xmltv_id="FOX Sports 3">FOX Sports 3</channel>
    <channel update="i" site="tv.foxsportsasia.com" site_id="EPH1" xmltv_id="FOX Sports">FOX Sports</channel>
    <channel update="i" site="tv.foxsportsasia.com" site_id="FSHK" xmltv_id="FOX Sports">FOX Sports</channel>
    <channel update="i" site="tv.foxsportsasia.com" site_id="ESN" xmltv_id="FOX Sports">FOX Sports</channel>
    <channel update="i" site="tv.foxsportsasia.com" site_id="FSASIA" xmltv_id="FOX Sports">FOX Sports</channel>
    <channel update="i" site="tv.foxsportsasia.com" site_id="EPK1" xmltv_id="ESPN Pakistan">ESPN Pakistan</channel>
    <channel update="i" site="tv.foxsportsasia.com" site_id="ESE1" xmltv_id="FOX Sports">FOX Sports</channel>
    <channel update="i" site="tv.foxsportsasia.com" site_id="ESG1" xmltv_id="FOX Sports">FOX Sports</channel>
    <channel update="i" site="tv.foxsportsasia.com" site_id="ESEA" xmltv_id="FOX Sports 3">FOX Sports 3</channel>
    <channel update="i" site="tv.foxsportsasia.com" site_id="FM31" xmltv_id="FOX Sports 3">FOX Sports 3</channel>
    <channel update="i" site="tv.foxsportsasia.com" site_id="FSGA" xmltv_id="FOX Sports 3">FOX Sports 3</channel>
    <channel update="i" site="tv.foxsportsasia.com" site_id="ESN1" xmltv_id="FOX Sports">FOX Sports</channel>
    <channel update="i" site="tv.foxsportsasia.com" site_id="FSTH" xmltv_id="FOX Sports">FOX Sports</channel>
    <channel update="i" site="tv.foxsportsasia.com" site_id="ETH1" xmltv_id="FOX Sports">FOX Sports</channel>
    <channel update="i" site="tv.foxsportsasia.com" site_id="ETW1" xmltv_id="FOX Sports">FOX Sports</channel>
    <channel update="i" site="tv.foxsportsasia.com" site_id="ETWA" xmltv_id="FOX Sports 3">FOX Sports 3</channel>
    <channel update="i" site="tv.foxsportsasia.com" site_id="FFC1" xmltv_id="Fox Football">Fox Football</channel>
    <channel update="i" site="tv.foxsportsasia.com" site_id="FFCA" xmltv_id="Fox Football">Fox Football</channel>
    <channel update="i" site="tv.foxsportsasia.com" site_id="SCN1" xmltv_id="STAR Sports China">STAR Sports China</channel>
    <channel update="i" site="tv.foxsportsasia.com" site_id="SCR1" xmltv_id="STAR Cricket">STAR Cricket</channel>
    <channel update="i" site="tv.foxsportsasia.com" site_id="SCRA" xmltv_id="STAR Cricket HD">STAR Cricket HD</channel>
    <channel update="i" site="tv.foxsportsasia.com" site_id="SCSA" xmltv_id="STAR Cricket">STAR Cricket</channel>
    <channel update="i" site="tv.foxsportsasia.com" site_id="SDN1" xmltv_id="FOX Sports 2">FOX Sports 2</channel>
    <channel update="i" site="tv.foxsportsasia.com" site_id="SEN1" xmltv_id="FOX Sports 2">FOX Sports 2</channel>
    <channel update="i" site="tv.foxsportsasia.com" site_id="FS2HK" xmltv_id="FOX Sports 2">FOX Sports 2</channel>
    <channel update="i" site="tv.foxsportsasia.com" site_id="FS2VIET" xmltv_id="FOX Sports 2">FOX Sports 2</channel>
    <channel update="i" site="tv.foxsportsasia.com" site_id="SHK1" xmltv_id="FOX Sports 2">FOX Sports 2</channel>
    <channel update="i" site="tv.foxsportsasia.com" site_id="SID1" xmltv_id="FOX Sports 2">FOX Sports 2</channel>
    <channel update="i" site="tv.foxsportsasia.com" site_id="SIN1" xmltv_id="STAR Sports India">STAR Sports India</channel>
    <channel update="i" site="tv.foxsportsasia.com" site_id="SML1" xmltv_id="FOX Sports 2">FOX Sports 2</channel>
    <channel update="i" site="tv.foxsportsasia.com" site_id="F2M1" xmltv_id="FOX Sports 2">FOX Sports 2</channel>
    <channel update="i" site="tv.foxsportsasia.com" site_id="SPK1" xmltv_id="STAR Sports Pakistan">STAR Sports Pakistan</channel>
    <channel update="i" site="tv.foxsportsasia.com" site_id="SSE1" xmltv_id="FOX Sports 2">FOX Sports 2</channel>
    <channel update="i" site="tv.foxsportsasia.com" site_id="SKR1" xmltv_id="FOX Sports 2">FOX Sports 2</channel>
    <channel update="i" site="tv.foxsportsasia.com" site_id="SSG1" xmltv_id="FOX Sports 2">FOX Sports 2</channel>
    <channel update="i" site="tv.foxsportsasia.com" site_id="F2E1" xmltv_id="FOX Sports 2">FOX Sports 2</channel>
    <channel update="i" site="tv.foxsportsasia.com" site_id="F2S1" xmltv_id="FOX Sports 2">FOX Sports 2</channel>
    <channel update="i" site="tv.foxsportsasia.com" site_id="STH1" xmltv_id="FOX Sports 2">FOX Sports 2</channel>
    <channel update="i" site="tv.foxsportsasia.com" site_id="F2N1" xmltv_id="FOX Sports 2">FOX Sports 2</channel>
    <channel update="i" site="tv.foxsportsasia.com" site_id="STW1" xmltv_id="FOX Sports 2">FOX Sports 2</channel>
    <channel update="i" site="tv.foxsportsasia.com" site_id="STWA" xmltv_id="FOX Sports 2">FOX Sports 2</channel>
    <channel update="i" site="tv.foxsportsasia.com" site_id="SI21" xmltv_id="STAR Sports 2 India">STAR Sports 2 India</channel>
    <channel update="i" site="tv.foxsportsasia.com" site_id="FS2THA" xmltv_id="FOX Sports 2 Thailand">FOX Sports 2 Thailand</channel>
    <channel update="i" site="tv.foxsportsasia.com" site_id="ENW1" xmltv_id="FOX Sports News">FOX Sports News</channel>
  </channels>
</site>