<?xml version="1.0" encoding="UTF-8"?>
<addon id="audiodecoder.dumb" version="1.1.3.2" name="DUMB Audio Decoder" provider-name="spiff">
  <requires>
    <import addon="kodi.binary.global.main" version="1.0.9"/>
    <import addon="kodi.binary.instance.audiodecoder" version="1.0.1"/>
  </requires>
  <extension point="kodi.audiodecoder" name="dumb" extension=".it|.xm|.s3m" library_linux="audiodecoder.dumb.so.1.1.3"/>
  <extension point="xbmc.addon.metadata">
    <summary lang="en">DUMB Audio Decoder</summary>
    <description lang="en">DUMB Audio Decoder</description>
    <platform>linux</platform>
  </extension>
</addon>
