<?xml version="1.0" encoding="UTF-8"?>
<addon id="game.libretro.beetle-wswan" name="WonderSwan/Color (Mednafen Cygne)" version="0.9.35.100" provider-name="Libretro">
  <requires>
    <import addon="game.libretro" version="1.0.0"/>
  </requires>
  <extension point="kodi.gameclient" library_linux="game.libretro.beetle-wswan.so">
    <platforms>WSW</platforms>
    <extensions>ws|wsc</extensions>
    <supports_vfs>false</supports_vfs>
    <supports_standalone>false</supports_standalone>
    <supports_keyboard>false</supports_keyboard>
    <supports_mouse>false</supports_mouse>
  </extension>
  <extension point="xbmc.addon.metadata">
    <summary lang="en">WonderSwan/Color (Mednafen Cygne) v0.9.35.1</summary>
    <description>Source: https://github.com/libretro/beetle-wswan-libretro

Supported files: .ws, .wsc</description>
    <license>GPLv2</license>
    <platform>linux</platform>
    <assets>
      <icon>resources/icon.png</icon>
      <screenshot>resources/screenshot-01.jpg</screenshot>
      <screenshot>resources/screenshot-02.jpg</screenshot>
      <screenshot>resources/screenshot-03.jpg</screenshot>
    </assets>
  </extension>
</addon>
