<?xml version="1.0" encoding="UTF-8"?>
<addon id="pvr.vdr.vnsi" version="3.4.0.3" name="VDR VNSI Client" provider-name="FernetMenta, Team Kodi">
  <requires>
    <import addon="kodi.binary.global.main" version="1.0.11"/>
    <import addon="kodi.binary.global.gui" version="5.12.0"/>
    <import addon="kodi.binary.instance.pvr" version="5.7.0"/>
  </requires>
  <extension point="xbmc.pvrclient" library_linux="pvr.vdr.vnsi.so.3.4.0"/>
  <extension point="xbmc.addon.metadata">
    <summary lang="af_ZA">PVR kliënt om VDR te konnekteer aan Kodi oor die VNSI koppelvlak</summary>
    <summary lang="be_BY">PVR client to connect VDR to Kodi over the VNSI interface</summary>
    <summary lang="bg_BG">ПВР клиент за свързване на VDR към Kodi чрез VNSI интерфейс</summary>
    <summary lang="ca_ES">Client PVR per connectar VDR a Kodi sobre la interfície VNSI</summary>
    <summary lang="cs_CZ">Klient PVR pro spojení VDR do Kodi skrze rozhraní VNSI</summary>
    <summary lang="cy_GB">Rhaglen Recordydd i gysylltu VDR â Kodi dros rhyngwyneb VNSI</summary>
    <summary lang="da_DK">PVR klient som forbinder VDR til Kodi over VNSI grænsefladen</summary>
    <summary lang="de_DE">PVR-Client, der einen VDR über das VNSI-Interface mit Kodi verbindet.</summary>
    <summary lang="el_GR">Πελάτης PVR για σύνδεση του VDR στο Kodi διαμέσου του VNSI</summary>
    <summary lang="en_AU">PVR client to connect VDR to Kodi over the VNSI interface</summary>
    <summary lang="en_GB">PVR client to connect VDR to Kodi over the VNSI interface</summary>
    <summary lang="en_NZ">PVR client to connect VDR to Kodi over the VNSI interface</summary>
    <summary lang="en_US">PVR client to connect VDR to Kodi over the VNSI interface</summary>
    <summary lang="es_AR">Cliente PVR para conectar VDR a Kodi sobre la interfaz VNSI</summary>
    <summary lang="es_ES">Cliente PVR para conectar VDR a Kodi sobre la interfaz VNSI</summary>
    <summary lang="es_MX">Cliente PVR para conectar VDR a Kodi a través de la interfaz VNSI</summary>
    <summary lang="fi_FI">Kodin VDR (VNSI) -asiakasohjelma</summary>
    <summary lang="fr_CA">Client de numériscope pour connecter VDR à Kodi par une interface VNSI.</summary>
    <summary lang="fr_FR">Client enregistreur vidéo (PVR) connectant un enregistreur de disque vidéo à Kodi via l'interface d'enregistrement de flux réseau vidéo</summary>
    <summary lang="gl_ES">Cliente PVR que conecta VDR ao Kodi mediante a interface VNSI</summary>
    <summary lang="he_IL">לקוח טלוויזיה חיה עבור VDR בממשק VNSI</summary>
    <summary lang="hr_HR">PVR klijent za povezivanje VDR na Kodi putem VNSI sučelja</summary>
    <summary lang="hu_HU">PVR ügyfél a VDR és az Kodi VNSI interfészen keresztüli csatlakoztatásához </summary>
    <summary lang="id_ID">Klien PVR untuk mengkoneksikan VDR dengan Kodi melalui antarmuka VNSI</summary>
    <summary lang="is_IS">Upptökuþjónn til að tengja VDR við Kodi í gegnum VNSI viðmót</summary>
    <summary lang="it_IT">Cliente PVR per connettere VDR a Kodi attraverso l'interfaccia VNSI</summary>
    <summary lang="ja_JP">VNSIインタフェースでVDRをKodiに接続するためのPVRクライアント</summary>
    <summary lang="ko_KR">PVR client to connect VDR to Kodi over the VNSI interface</summary>
    <summary lang="lt_LT">PVR klientas, skirtas prijungti VDR prie Kodi per VNSI sąsają</summary>
    <summary lang="lv_LV">PVR klients, lai pieslēgtu VDR pie Kodi, izmantojot VNSI saskarni</summary>
    <summary lang="mk_MK">PVR клиент за поврзување со Kodi преку VNSI интерфејс</summary>
    <summary lang="ms_MY">Klien PVR untuk sambungkan VDR ke Kodi menerusi antaramuka VNSI</summary>
    <summary lang="nb_NO">PVR-klient for å koble VDR til Kodi over VNSI-grensesnittet</summary>
    <summary lang="nl_NL">PVR client om VDR te verbinden met Kodi op de VNSI-interface</summary>
    <summary lang="pl_PL">Klient telewizji dla VDR wykorzystujący interfejs VNSI</summary>
    <summary lang="pt_BR">Cliente PVR para conectar VDR ao Kodi sobre interface VNSI</summary>
    <summary lang="pt_PT">Cliente PVR para ligar VDR ao Kodi através da interface VNSI</summary>
    <summary lang="ro_RO">Client PVR pentru conectare VDR la Kodi folosind interfaţa VNSI</summary>
    <summary lang="ru_RU">PVR клиент для подключения VDR к Kodi через интерфейс VNSI</summary>
    <summary lang="sk_SK">PVR klientská aplikácia na pripojenie VDR servera do Kodi prostredníctvom rozhrania VNSI</summary>
    <summary lang="sl_SI">Odjemalec PVR za povezavo VDR in Kodija preko vmesnika VNSI</summary>
    <summary lang="sq_AL">Klient PVR për lidhjen e VDR dhe Kodi mbi ndërfaqjen VNSI</summary>
    <summary lang="sr_RS">PVR клијент за повезивање VDR са Kodi преко VNSI интерфејса</summary>
    <summary lang="sr_RS@latin">PVR klijent za povezivanje VDR sa Kodi preko VNSI interfejsa</summary>
    <summary lang="sv_SE">PVR-klient för att ansluta VDR till Kodi över VNSI-gränsnittet</summary>
    <summary lang="szl">Klijynt telewizyje do skuplowaniŏ VDR bez interfejs VNSI</summary>
    <summary lang="tr_TR">Kayıt Sunucusu VDR'ye Kodi'yle VNSI Arayüzü Üzerinden Bağlanır</summary>
    <summary lang="uk_UA">Клієнт PVR для зв’язку VDR з Kodi через інтерфейс VNSI</summary>
    <summary lang="vi_VN">Trình PVR để kết nối VDR với Kodi qua giao tiếp VNSI</summary>
    <summary lang="zh_CN">让 Kodi 通过 VNSI 界面与 VDR 连接的 PVR 客户端</summary>
    <summary lang="zh_TW">經由VNSI界接VDR到Kodi的PVR用戶端</summary>
    <description lang="af_ZA">VDR voorprogram; ondersteun stroom van Lewendige TV &amp; Opnames, EPG, Tydhouers oor die VNSI byvoegsel</description>
    <description lang="be_BY">VDR frontend; supporting streaming of Live TV &amp; Recordings, EPG, Timers over the VNSI plugin</description>
    <description lang="bg_BG">VDR клиент. Поддържа поточна телевизия и записване, електронен програмен справочник, броячи чрез VNSI приставка.</description>
    <description lang="ca_ES">Frontal de VDR; és compatible amb les transmissions en línia de TV en directe i enregistraments, guia electrònica de programació (EPG), temporitzadors sobre el connector VNSI</description>
    <description lang="cs_CZ">Rozhraní VDR. Podporuje proudové vysílání živého vysílání a nahrávek, poslech kanálů rádia, EPG, a časovače skrze modul VNSI</description>
    <description lang="cy_GB">Blaen VDR; cynnal ffrydio Teledu Byw, Recordio, Amserlenni, Amseryddion dros ategyn VNSI</description>
    <description lang="da_DK">VDR frontend; understøtter streaming af TV og Optagelser, EPG og Timere over VNSI-addon</description>
    <description lang="de_DE">VDR-Oberfläche: Erlaubt die Wiedergabe von Live-TV und Aufnahmen sowie die Anzeige des EPG, die Kanalsuche und die Programmierung von Timern über das VNSI-Plugin.</description>
    <description lang="el_GR">Frontend για το VDR. Υποστηρίζει ροές Live TV &amp; Εγγραφές, Χρονοδιακόπτες διαμέσου του plugin VNSI</description>
    <description lang="en_AU">VDR frontend; supporting streaming of Live TV &amp; Recordings, EPG, Timers over the VNSI plugin</description>
    <description lang="en_GB">VDR frontend; supporting streaming of Live TV &amp; Recordings, EPG, Timers over the VNSI plugin</description>
    <description lang="en_NZ">VDR frontend; supporting streaming of Live TV &amp; Recordings, EPG, Timers over the VNSI plugin</description>
    <description lang="en_US">VDR frontend; supporting streaming of Live TV &amp; Recordings, EPG, Timers over the VNSI plugin</description>
    <description lang="es_AR">Front-end VDR, soporte de streaming de televisión en vivo y grabaciones, GEP, temporizador con el plugin VNSI</description>
    <description lang="es_ES">Front-end VDR, soporte de streaming de televisión en vivo y grabaciones, EPG, temporizador con el plugin VNSI</description>
    <description lang="es_MX">Interfaz VDR; Soportando streaming de TV en directo y Grabaciones, EPG, Timers sobre el plugin VNSI</description>
    <description lang="fi_FI">VDR-asiakasohjelma. Tukee suorien tv-lähetysten ja tallennusten katsomista, ohjelmaopasta ja ohjelmien ajastamista.</description>
    <description lang="fr_CA">Frontal VDR, prenant en charge la diffusion en continu des télés en direct &amp; les enregistrements, le GÉP et les minuteries avec le plugiciel VNSI.</description>
    <description lang="fr_FR">Interface logicielle pour enregistreur de disque vidéo (VDR). Il gère la lecture et l'enregistrement en continu des flux de TV en direct, le guide électronique des programmes TV et les programmations via les routines d'enregistrement de flux réseau vidéo.</description>
    <description lang="gl_ES">Interface VDR; soporta a transmisión de TV en directo e gravacións, Guía de programación e temporizadores mediante o engadido de VNSI</description>
    <description lang="he_IL">לקוח טלוויזיה חיה של VDR. בעזרת התוסף VNSI לשרת VDR הלקוח תומך בהזרמת שידורים חיים והקלטות, האזנה לרדיו, הצגת לוח שידורים ותזמון הקלטות.</description>
    <description lang="hr_HR">VDR pozadinski softver; podržava streamanje televizije, snimanje, EPG, zakazania snimanja preko VNSI dodatka</description>
    <description lang="hu_HU">VDR előtét. Élő adások és felvételek támogatása EPG-vel és időzítéssel a VNSI kiegészítőn keresztül</description>
    <description lang="id_ID">Frontend VDR; Mendukung pengaliran Siaran TV langsung dan Rekaman, EPG, Timer melalui plugin VNSI</description>
    <description lang="is_IS">VDR framendi; styður straum frá Live TV og upptökur, rafræna sjónvarpsvísa (EPG), tímatöku í gegnum VNSI viðbótina</description>
    <description lang="it_IT">Frontend VDR; supporta lo streaming di Live TV e le registrazioni, EPG e timer sul plugin VNSI</description>
    <description lang="ja_JP">VDR フロントエンド ： ライブテレビのストリーミングや録画、EPG、VNSIプラグイン上のタイマーをサポートしています。</description>
    <description lang="ko_KR">VDR 프론트엔드; TV 시청 &amp; 녹화, EPG, VNSI 플러그인을 통한 타이머 지원</description>
    <description lang="lt_LT">VDR naudotojo sąsaja; palaiko TV transliacijas ir laidų įrašymą, EPG ir laikmačiius per VNSI įskiepį</description>
    <description lang="lv_LV">VDR galasistēma; atbalsta tiešraides TV un ierakstu straumēšanu, EPG, taimerus no VNSI spraudņa</description>
    <description lang="mk_MK">VDR интерфејс; подржува стриминг на Live TV и снимки, EPG тајмери преку VNSI додаток</description>
    <description lang="ms_MY">Bahagian hadapan VDR; menyokong penstirman  TV Langsung &amp; Rakaman, EPG, Pemasa menerusi pemalam VNSI</description>
    <description lang="nb_NO">VDR frontend; støtte for visning av direkte TV og opptak, EPG og tidtakere over VNSI-tillegget</description>
    <description lang="nl_NL">VDR frontend: ondersteunt streaming van Live TV &amp; Recordings, EPG, Timers over de VNSI plugin</description>
    <description lang="pl_PL">Klient telewizji dla VDR obsługuje transmisję kanałów radiowych i telewizyjnych, nagrywanie i harmonogram nagrań oraz funkcje przewodnika telewizyjnego przy wykorzystaniu wtyczki VNSI dla VDR</description>
    <description lang="pt_BR">Frontend VDR; suporta streaming de TV ao vivo e gravações, EPG, agendamentos sobre o plugin VNSI</description>
    <description lang="pt_PT">Frontend VDR; suporta transmissão de Live TV e Gravações, EPG e Temporizadores através do plugin VNSI</description>
    <description lang="ro_RO">Frontend VDR; suportă streaming de TV Live &amp; Înregistrări, EPG, Cronometre folosind pluginul VNSI</description>
    <description lang="ru_RU">VDR фронтэнд; поддерживает потоковое TV, запись, ЕПГ, таймеры через VNSI плагин</description>
    <description lang="sk_SK">VDR rozhranie; je podporované streamovanie živého televízneho vysielania a nahrávok, EPG, časovačov prostredníctvom modulu VNSI</description>
    <description lang="sl_SI">Vmesnik za VDR; podpira pretakanje televizije v živo &amp; posnetkov, EPG, časovnike preko vtičnika VNSI</description>
    <description lang="sq_AL">VDR frontend, që lejon transmetimin e Live TV'së &amp; Regjistrime, EPG, Timer, nëpërmes shtesës VNSI</description>
    <description lang="sr_RS">VDR интерфејс; подржава стримовање ТВ Уживо &amp; Снимака, EPG, Тајмере преко VNSI</description>
    <description lang="sr_RS@latin">VDR interfejs; podržava strimovanje TV Uživo &amp; Snimaka, EPG, Tajmere preko VNSI</description>
    <description lang="sv_SE">VDR frontend; stödjer strömning av direktsänd TV &amp; inspelningar, EPG, timers över VNSI-tillägget</description>
    <description lang="szl">Klijynt telewizyjny dlŏ VDR podpiyrŏ szpricowanie kanałōw radyjowych i telewizyjnych, nagrowanie i harmōnogram nagrań i funkcyje EPG przi wyużyciu sztekra VNSI dlŏ VDR</description>
    <description lang="tr_TR">VDR ön ucu; Canlı TV akışı ve kayıt yapabilme, EPG, VNSI eklentisi üzerinden zamanlayıcıları destekler.</description>
    <description lang="uk_UA">Надстройка над VDR; підтримує потік TV і записів,  EPG, таймерів через додаток VNSI</description>
    <description lang="vi_VN">Giao tiếp cho VDR; hỗ trợ truyền phát và thu chương trình Live TV, hẹn giờ và hiển thị lịch trình chiếu (EPG) thông qua plugin VNSI</description>
    <description lang="zh_CN">VDR 前端，通过 VNSI 插件支持直播电视和录像流媒体、电子节目单、定时器</description>
    <description lang="zh_TW">VDR前端，在VNSI插件上支援的串流媒體包括有：電視直播和錄影，電子節目表，定時器。</description>
    <disclaimer lang="af_ZA">Hierdie is onstabiele sagteware! Die outeurs is op geen manier verantwoordelik vir gefaalde opnames, inkorrekte tydhouers, gemorsde ure, of enige ander ongewensde effekte.</disclaimer>
    <disclaimer lang="be_BY">This is unstable software! The authors are in no way responsible for failed recordings, incorrect timers, wasted hours, or any other undesirable effects..</disclaimer>
    <disclaimer lang="bg_BG">Тази програма е нестабилна! Авторите не носят отговорност за неуспешно записване, некоректни броячи, пропиляно време и други нежелани ефекти.</disclaimer>
    <disclaimer lang="ca_ES">Això és programari inestable! Els autors no són de cap manera responsables dels enregistraments que han fallat, temporitzadors incorrectes, hores perdudes, o qualsevol altre efecte indesitjat..</disclaimer>
    <disclaimer lang="cs_CZ">Tento software není stabilní. Autoři nejsou žádným způsobem zodpovědní za selhání při nahrávání, neplatné časovače, ztracený čas, či jakékoliv jiné nežádoucí události...</disclaimer>
    <disclaimer lang="cy_GB">Mae hwn yn feddalwedd ansad! Nid yw'r awduron yn gyfrifol mewn unrhyw ffordd am fethu recordio, amseru gwallus, oriau wedi eu gwastraffu nac effeithiau anymunol eraill.</disclaimer>
    <disclaimer lang="da_DK">Dette er ustabil software! Ophavsmændene er på ingen måde ansvarlige for mislykkede optagelser, ukorrekte timere, spildte timer, eller andre uønskede konsekvenser..</disclaimer>
    <disclaimer lang="de_DE">Diese Software ist noch in der Entwicklung! Die Autoren sind nicht für fehlgeschlagene Aufnahmen, falsche Timer, verschwendete Zeit oder andere ungewollte Effekte verantwortlich.</disclaimer>
    <disclaimer lang="el_GR">Ασταθές πρόγραμμα! Οι δημιουργοί δεν είναι σε καμία περίπτωση υπεύθυνοι για αποτυχημένες εγγραφές, λανθασμένους χρονοδιακόπτες, χαμένες ώρες, ή κάθε είδους ανεπιθύμητα αποτελέσματα..</disclaimer>
    <disclaimer lang="en_AU">This is unstable software! The authors are in no way responsible for failed recordings, incorrect timers, wasted hours, or any other undesirable effects..</disclaimer>
    <disclaimer lang="en_GB">This is unstable software! The authors are in no way responsible for failed recordings, incorrect timers, wasted hours, or any other undesirable effects..</disclaimer>
    <disclaimer lang="en_NZ">This is unstable software! The authors are in no way responsible for failed recordings, incorrect timers, wasted hours, or any other undesirable effects..</disclaimer>
    <disclaimer lang="en_US">This is unstable software! The authors are in no way responsible for failed recordings, incorrect timers, wasted hours, or any other undesirable effects..</disclaimer>
    <disclaimer lang="es_AR">¡Este software es inestable! Los autores no se responsabilizan por grabaciones fallidas, temporizadores incorrectos, horas perdidas, o cualquier otro efecto no deseado..</disclaimer>
    <disclaimer lang="es_ES">¡Este software es aún inestable! Los autores no son responsables en forma alguna por grabaciones fallidas, temporizaciones incorrectas, tiempo perdido o ningún otro efecto no deseado.</disclaimer>
    <disclaimer lang="es_MX">¡Esto es software inestable! Los autores no son de ninguna manera responsables por grabaciones fallidas, temporizadores incorrectos, horas perdidas o cualquier otro efecto no deseado...</disclaimer>
    <disclaimer lang="et_EE">See on ebastabiilne tarkvara! Autorid ei ole kuidagi moodi vastutavad nurjunud salvestiste, ebaõige aegrelee, raisatud tundide ega muude soovimatute asjade eest.</disclaimer>
    <disclaimer lang="fi_FI">Tämä on epävakaa ohjelma! Sen tekijät eivät ole millään muotoa vastuussa epäonnistuneista tallennuksista, virheellisistä ajastuksista, haaskatusta ajasta, verenpaineen noususta tai mistään muusta epäsuotuisasta vaikutuksesta.</disclaimer>
    <disclaimer lang="fr_CA">Ce logiciel est instable! Les auteurs ne sont aucunement responsables des enregistrements défaillants, des minuteries erronées, des heures perdues ou tout autre effet indésirable.</disclaimer>
    <disclaimer lang="fr_FR">Logiciel en cours d'élaboration ! Les auteurs ne sont en aucun cas responsables de l'échec des enregistrements, programmations défectueuses, temps perdu ou autres effets indésirables.</disclaimer>
    <disclaimer lang="gl_ES">Software non estable, os autores non se fan responsábeis dos erros na gravacións, temporizadores incorrectos, e outros efectos non desexados.</disclaimer>
    <disclaimer lang="he_IL">זוהי איננה הרחבה יציבה! המפתחים אינם אחראים על כשלון בניגון, זמנים שגויים במדריך השידורים, שעות מבוזבזות או כל תופעה לא רצויה אחרת.</disclaimer>
    <disclaimer lang="hr_HR">Ovo je nestabilan softver! Autori nisu na koji način odgovorani za neuspjele snimke, netočna vremena, izgubjene sate, ili bilo koje druge neželjene učinke...</disclaimer>
    <disclaimer lang="hu_HU">Ez nem stabil szoftver! A készítők nem vállalnak felelősséget, a hibás felvételért, rossz időzítésért, elvesztegetett időért...</disclaimer>
    <disclaimer lang="hy_AM">Սա անկայուն ծրագրային ապահովում է: Հեղինակները պատասխանատու չեն վատ ձայնագրումների, սխալ ժամանակացույցերի, կորած ժամանակի կամ այլ ոչ ցանկալի երևույթների համար:</disclaimer>
    <disclaimer lang="id_ID">Ini merupakan software yang tidak stabil! Penulis tidak bertanggung jawab untuk rekaman gagal, timer salah, waktu terbuang, atau efek tak diinginkan lainnya...</disclaimer>
    <disclaimer lang="is_IS">Þetta er óstöðugur hugbúnaður! Höfundarnir eru á engann hátt ábyrgir fyrir misheppnuðum upptökum, röngum upptökutímum, klukkustundum sem að fóru í súginn eða nokkrum öðrum óæskilegum áhrifum.</disclaimer>
    <disclaimer lang="it_IT">Questo programma non è stabile! Gli autori non sono in alcun modo responsabili per registrazioni fallite, timer non corretti, ore perse, o altri effetti indesiderati..</disclaimer>
    <disclaimer lang="ja_JP">これは不安定なソフトウェアです！本プログラムの作者は、録画の失敗、正確に作動しなかったタイマー、無駄にした時間、その他あらゆる好ましくない結果について責任を負わないものとします。</disclaimer>
    <disclaimer lang="ko_KR">이 소프트웨어는 불안정합니다! 제작자는 녹화 실패, 부정확한 타이머, 시간 낭비 및 기타 예상하지 못한 결과에 대해 책임지지 않습니다..</disclaimer>
    <disclaimer lang="lt_LT">Tai yra nestabili programinė įranga! Autorius jokiu būdu neatsakingas už nepavykusius įrašus, neteisingus laikmačius, iššvaistytas valandas, ar nutikus kitiems nepageidaujamiems poveikiams ...[COLOR=red](Kodi.lt siūlo/rekomenduoja testuojant šį priedą persijungti į Anglų [orinali] kalbą)[/COLOR]</disclaimer>
    <disclaimer lang="lv_LV">Šī ir nestabila programmatūra! Autori nav atbildīgi par nesanākušiem ierakstiem, nepareiziem taimeriem, iztērētām stundām vai jebkādiem citiem nevēlamiem efektiem..</disclaimer>
    <disclaimer lang="mk_MK">Ова е нестабилен софтвер! Авторите не се во никој случај одговорни за неуспешни снимања, грешни тајмери, други непосакувани ефекти...</disclaimer>
    <disclaimer lang="mn_MN">Тус програм нь гүйцэд хийгдэж дуусаагүй! Зохиогч нь алдаатай бичлэг, цагийн буруу хөтлөлт, алдагдсан цаг хугацаа эсвэл бусад ямар нэгэн хүсээгүй үр дүнд хариуцлага хүлээхгүй.</disclaimer>
    <disclaimer lang="ms_MY">Ini merupakan perisian tidak stabil! Pengarang tidak bertanggungjawab atas kegagalan rakaman, pemasa tidak betul, masa yang dibazirkan, atau apa jua kesan yang tidak dikehendaki..</disclaimer>
    <disclaimer lang="mt_MT">Dan il-programm mhuwiex stabbli! L-Awturi m'humiex responsabbli bl-ebda mod għal rekordings li ma jirnexxewx, arloġġi żbaljati, siegħat moħlija, jew kwalunkwe effett ieħor mhux mixtieq.</disclaimer>
    <disclaimer lang="nb_NO">Dette er ustabilt programvare! Forfatterne er ikke ansvarlig på noen måte for ødelagte opptak, feile timere, bortkastede timer, eller andre uønskede hendinger...</disclaimer>
    <disclaimer lang="nl_NL">Dit is instabiele software! De auteurs zijn op geen enkele wijze verantwoordelijk voor mislukte opnames, onjuiste timers, verspilde uren, of andere ongewenste effecten ..</disclaimer>
    <disclaimer lang="pl_PL">Oprogramowanie nadal jest w fazie rozwoju i jest niestabilne! Autorzy w żaden sposób nie są odpowiedzialni za nieudane nagrania, błędy w harmonogramie nagrań, zmarnowany czas ani jakiekolwiek inne niepożądane efekty.</disclaimer>
    <disclaimer lang="pt_BR">Este é um software instável! Os autores não são responsáveis por gravações com falhas, agendamentos incorretos, tempo desperdiçado, ou quaisquer outros efeitos indesejáveis...</disclaimer>
    <disclaimer lang="pt_PT">Este software é instável! Os autores não são responsáveis por falhas na gravação, temporizadores incorretos, horas perdidas ou outro qualquer efeito não desejado...</disclaimer>
    <disclaimer lang="ro_RO">Acesta nu este o aplicație definitivă! Autorii nu sunt în nici un fel responsabili pentru înregistrări eșuate, cronometre incorecte, ore pierdute, sau orice alte efecte nedorite...</disclaimer>
    <disclaimer lang="ru_RU">Это тестовая программа! Авторы не несут никакой ответственности за испорченные записи, неверные таймеры, потраченное время и прочие нежелательные эффекты..</disclaimer>
    <disclaimer lang="si_LK">මෙය අස්ථිර මෘදුකාංගයකි! මෙහි සිදුවන පටිගත කිරීම් අසාර්ථක වීම්, සාවද්‍ය මුහුර්තක, නාස්ති වූ කාලයන්, හෝ වෙනත් යමිකිසි නුසුදුසු බලපෑම් සඳහා කතෘ වග කියනු නොලැබේ.</disclaimer>
    <disclaimer lang="sk_SK">Tento softvér nie je stabilný! Autori nenesú žiadnu zodpovednosť za chybné nahrávky vysielania, nesprávne časovače alebo iné neželané udalosti spôsobené týmto softvérom..</disclaimer>
    <disclaimer lang="sl_SI">To je nestabilna programska oprema! Avtorji niso odgovorni za neuspela snemanja, nepravilne časovnike, zapravljen čas in katerikoli drug neželen učinek...</disclaimer>
    <disclaimer lang="sq_AL">Ky program nuk është ende stabil! Autorët e këtij programi nuk janë në as një menyr përgjegjës për rregistrime të gabuara, timer të pasaktë, kohë të humbur ose efekte të tilla të padëshirueshme.</disclaimer>
    <disclaimer lang="sr_RS">Овај софтвер је нестабилан! Аутори ни на који начин нису одговорни за неуспела снимања, неисправна заказана снимања, изгубљене сате или друге нежељене ефекте.</disclaimer>
    <disclaimer lang="sr_RS@latin">Овај софтвер је нестабилан! Аутори ни на који начин нису одговорни за неуспела снимања, неисправна заказана снимања, изгубљене сате или друге нежељене ефекте.</disclaimer>
    <disclaimer lang="sv_SE">Detta är ostabil mjukvara! Upphovsmännen är inte ansvariga för misslyckade inspelningar, inkorrekta timers, bortslösade timmar, eller någon annan oönskad effekt..</disclaimer>
    <disclaimer lang="szl">To je niystabilny softwer! Autōry niy sōm ôdpedzialne za niypodarzōne graniy, niynŏleżne godziny EPG, stracōne godziny i inksze niychciane efekty.</disclaimer>
    <disclaimer lang="te_IN">ఇది అస్థిర సాఫ్ట్వేర్! విఫలమైన రికార్డింగ్లు, తప్పు టైమర్లు, వృధా గంటల, లేదా ఏ ఇతర అవాంఛనీయ ప్రభావాలకు ఏ విధంగా రచయితలు భాద్యుతులు కారు.</disclaimer>
    <disclaimer lang="tg_TJ">Ин нармафзори ноустувор аст! Муаллифон барои вайрониҳои сабт, вақтсанҷҳои нодуруст, соатҳои бефоида ва дигар таъсирҳои номатлуб ҷавобгар намебошанд.</disclaimer>
    <disclaimer lang="th_TH">นี่คือโปรแกรมที่ยังไม่เสถียร! ผู้เขียนไม่อยู่ในทางที่จะรับผิดชอบในการบันทึกที่ล้มเหลว, การตั้งเวลาที่ไม่ถูกต้อง, การเสียเวลา, หรือผลกระทบที่ไม่พึงประสงค์อื่น ๆ..</disclaimer>
    <disclaimer lang="tr_TR">Bu kararsız bir yazılımdır! Yapımcılar hatalı kayıtlardan, bozuk sürelerden, harcanan vakitten veya herhangi bir olumsuz etkiden dolayı sorumlu tutulamaz.</disclaimer>
    <disclaimer lang="uk_UA">Це нестабільна програма! Автори не несуть відповідальності за попсуті записи, неправильні таймери, втрачений час та інші небажані ефекти.</disclaimer>
    <disclaimer lang="vi_VN">Đây là phần mềm không ổn định! Các tác giả không chịu trách nhiệm đối với các lỗi thu chương trình, hẹn giờ không chính xác, giờ lãng phí, hoặc bất kỳ tác dụng không mong muốn khác..</disclaimer>
    <disclaimer lang="zh_CN">这是不稳定版的软件！作者不对录像失败、错误定时造成时间浪费或其它不良影响负责。</disclaimer>
    <disclaimer lang="zh_TW">這是測試版軟體！其原創作者並無法對於以下情況負責，包含：錄影失敗，不正確的定時設定，多餘時數，或任何產生的其它不良影響...</disclaimer>
    <platform>linux</platform>
  </extension>
</addon>
