﻿<?xml version="1.0" encoding="UTF-8"?>
<site generator-info-name="WebGrab+Plus/w MDB &amp; REX Postprocess -- version V1.56.24 -- Jan van Straaten" site="programacion-radio.com">
  <channels>
    <channel update="i" site="programacion-radio.com" site_id="RNE_Radio_Nacional.html" xmltv_id="RNE Radio Nacional">RNE Radio Nacional</channel>
    <channel update="i" site="programacion-radio.com" site_id="Cadena_SER.html" xmltv_id="Cadena SER">Cadena SER</channel>
    <channel update="i" site="programacion-radio.com" site_id="Onda_Cero_Radio.html" xmltv_id="Onda Cero Radio">Onda Cero Radio</channel>
    <channel update="i" site="programacion-radio.com" site_id="COPE.html" xmltv_id="COPE">COPE</channel>
    <channel update="i" site="programacion-radio.com" site_id="Punto_Radio.html" xmltv_id="Punto Radio">Punto Radio</channel>
    <channel update="i" site="programacion-radio.com" site_id="Radio_Intereconomia.html" xmltv_id="Radio Intereconomia">Radio Intereconomia</channel>
    <channel update="i" site="programacion-radio.com" site_id="RNE_Radio_5_Todo_Noticias.html" xmltv_id="RNE Radio 5 Todo Noticias">RNE Radio 5 Todo Noticias</channel>
    <channel update="i" site="programacion-radio.com" site_id="RNE_Radio_Clasica.html" xmltv_id="RNE Radio Clasica">RNE Radio Clasica</channel>
    <channel update="i" site="programacion-radio.com" site_id="40_Principales.html" xmltv_id="40 Principales">40 Principales</channel>
    <channel update="i" site="programacion-radio.com" site_id="Europa_FM.html" xmltv_id="Europa FM">Europa FM</channel>
    <channel update="i" site="programacion-radio.com" site_id="Kiss_FM.html" xmltv_id="Kiss FM">Kiss FM</channel>
    <channel update="i" site="programacion-radio.com" site_id="M80_Radio.html" xmltv_id="M80 Radio">M80 Radio</channel>
    <channel update="i" site="programacion-radio.com" site_id="Cadena_100.html" xmltv_id="Cadena 100">Cadena 100</channel>
    <channel update="i" site="programacion-radio.com" site_id="Cadena_Dial.html" xmltv_id="Cadena Dial">Cadena Dial</channel>
    <channel update="i" site="programacion-radio.com" site_id="Radiole.html" xmltv_id="Radiole">Radiole</channel>
    <channel update="i" site="programacion-radio.com" site_id="RNE_Radio_3.html" xmltv_id="RNE Radio 3">RNE Radio 3</channel>
    <channel update="i" site="programacion-radio.com" site_id="Rock_and_Gol.html" xmltv_id="Rock and Gol">Rock and Gol</channel>
    <channel update="i" site="programacion-radio.com" site_id="Radio_Marca.html" xmltv_id="Radio Marca">Radio Marca</channel>
    <channel update="i" site="programacion-radio.com" site_id="Flaix_FM.html" xmltv_id="Flaix FM">Flaix FM</channel>
    <channel update="i" site="programacion-radio.com" site_id="Loca_FM.html" xmltv_id="Loca FM">Loca FM</channel>
    <channel update="i" site="programacion-radio.com" site_id="Maxima_FM.html" xmltv_id="Maxima FM">Maxima FM</channel>
    <channel update="i" site="programacion-radio.com" site_id="Radio_Maria.html" xmltv_id="Radio Maria">Radio Maria</channel>
    <channel update="i" site="programacion-radio.com" site_id="Radio_Tele_Taxi.html" xmltv_id="Radio Tele Taxi">Radio Tele Taxi</channel>
    <channel update="i" site="programacion-radio.com" site_id="Radio_Voz.html" xmltv_id="Radio Voz">Radio Voz</channel>
    <channel update="i" site="programacion-radio.com" site_id="Vaughan_Radio.html" xmltv_id="Vaughan Radio">Vaughan Radio</channel>
    <channel update="i" site="programacion-radio.com" site_id="Onda_Madrid.html" xmltv_id="Onda Madrid">Onda Madrid</channel>
    <channel update="i" site="programacion-radio.com" site_id="Catalunya_Cultura.html" xmltv_id="Catalunya Cultura">Catalunya Cultura</channel>
    <channel update="i" site="programacion-radio.com" site_id="Catalunya_Informacio.html" xmltv_id="Catalunya Informacio">Catalunya Informacio</channel>
    <channel update="i" site="programacion-radio.com" site_id="Catalunya_Musica.html" xmltv_id="Catalunya Musica">Catalunya Musica</channel>
    <channel update="i" site="programacion-radio.com" site_id="Catalunya_Radio.html" xmltv_id="Catalunya Radio">Catalunya Radio</channel>
    <channel update="i" site="programacion-radio.com" site_id="COMRadio.html" xmltv_id="COMRadio">COMRadio</channel>
    <channel update="i" site="programacion-radio.com" site_id="Ona_Catalana.html" xmltv_id="Ona Catalana">Ona Catalana</channel>
    <channel update="i" site="programacion-radio.com" site_id="Radio_Flaixbac.html" xmltv_id="Radio Flaixbac">Radio Flaixbac</channel>
    <channel update="i" site="programacion-radio.com" site_id="Canal_Fiesta_Radio.html" xmltv_id="Canal Fiesta Radio">Canal Fiesta Radio</channel>
    <channel update="i" site="programacion-radio.com" site_id="Canal_Sur_Radio.html" xmltv_id="Canal Sur Radio">Canal Sur Radio</channel>
    <channel update="i" site="programacion-radio.com" site_id="Radio_Euskadi.html" xmltv_id="Radio Euskadi">Radio Euskadi</channel>
    <channel update="i" site="programacion-radio.com" site_id="Radio_Vitoria.html" xmltv_id="Radio Vitoria">Radio Vitoria</channel>
    <channel update="i" site="programacion-radio.com" site_id="Gaztea.html" xmltv_id="Gaztea">Gaztea</channel>
    <channel update="i" site="programacion-radio.com" site_id="EITB_Musica.html" xmltv_id="EITB Musica">EITB Musica</channel>
    <channel update="i" site="programacion-radio.com" site_id="Euskadi_Irratia.html" xmltv_id="Euskadi Irratia">Euskadi Irratia</channel>
    <channel update="i" site="programacion-radio.com" site_id="Radio_Andalucia.html" xmltv_id="Radio Andalucia">Radio Andalucia</channel>
    <channel update="i" site="programacion-radio.com" site_id="Canal_Flamenco_Radio.html" xmltv_id="Canal Flamenco Radio">Canal Flamenco Radio</channel>
    <channel update="i" site="programacion-radio.com" site_id="Aragon_Radio.html" xmltv_id="Aragon Radio">Aragon Radio</channel>
    <channel update="i" site="programacion-radio.com" site_id="Onda_Regional_de_Murcia.html" xmltv_id="Onda Regional de Murcia">Onda Regional de Murcia</channel>
    <channel update="i" site="programacion-radio.com" site_id="Radio_Galega.html" xmltv_id="Radio Galega">Radio Galega</channel>
    <channel update="i" site="programacion-radio.com" site_id="Radio_Galega_Musica.html" xmltv_id="Radio Galega Musica">Radio Galega Musica</channel>
    <channel update="i" site="programacion-radio.com" site_id="Cadena_Si_Radio.html" xmltv_id="Cadena Si Radio">Cadena Si Radio</channel>
    <channel update="i" site="programacion-radio.com" site_id="Radio_del_Principado_de_Asturias.html" xmltv_id="Radio del Principado de Asturias">Radio del Principado de Asturias</channel>
    <channel update="i" site="programacion-radio.com" site_id="Rac_1.html" xmltv_id="Rac 1">Rac 1</channel>
    <channel update="i" site="programacion-radio.com" site_id="Radio_Castilla_La_Mancha.html" xmltv_id="Radio Castilla La Mancha">Radio Castilla La Mancha</channel>
  </channels>
</site>