<?xml version="1.0" encoding="UTF-8"?>
<addon id="pvr.demo" version="3.2.1.3" name="PVR Demo Client" provider-name="Pulse-Eight Ltd.">
  <requires>
    <import addon="kodi.binary.global.main" version="1.0.11"/>
    <import addon="kodi.binary.instance.pvr" version="5.7.1"/>
  </requires>
  <extension point="xbmc.pvrclient" library_linux="pvr.demo.so.3.2.1"/>
  <extension point="xbmc.addon.metadata">
    <summary lang="af_ZA">Demo PVR Kliënt</summary>
    <summary lang="am_ET">የ PVR ደንበኛ ናሙና </summary>
    <summary lang="be_BY">Дэма кліент PVR</summary>
    <summary lang="bg_BG">Демонстрационен ПВР клиент</summary>
    <summary lang="ca_ES">Demostració del client PVR</summary>
    <summary lang="cs_CZ">Ukázkový klient PVR</summary>
    <summary lang="cy_GB">Cleient Recordydd Fideo Personol Arddangos</summary>
    <summary lang="da_DK">Demo PVR Klient</summary>
    <summary lang="de_DE">Demo PVR Client</summary>
    <summary lang="el_GR">Δοκιμαστικός Πελάτης PVR</summary>
    <summary lang="en_AU">Demo PVR Client</summary>
    <summary lang="en_GB">Demo PVR Client</summary>
    <summary lang="en_NZ">Demo PVR Client</summary>
    <summary lang="en_US">Demo PVR Client</summary>
    <summary lang="es_AR">Cliente PVR demo</summary>
    <summary lang="es_ES">Demo Cliente PVR</summary>
    <summary lang="es_MX">Cliente Demo PVR</summary>
    <summary lang="et_EE">Demo PVR'i klient</summary>
    <summary lang="eu_ES">PVR bezeroaren demoa</summary>
    <summary lang="fi_FI">Kodin PVR Demo -asiakasohjelma</summary>
    <summary lang="fr_CA">Client de numériscope de démo</summary>
    <summary lang="fr_FR">Client enregistreur vidéo (PVR) de démonstration</summary>
    <summary lang="gl_ES">Cliente PVR Demo</summary>
    <summary lang="he_IL">דוגמה ללקוח טלוויזיה חיה</summary>
    <summary lang="hr_HR">Demo PVR klijent</summary>
    <summary lang="hu_HU">Demo PVR ügyfél</summary>
    <summary lang="hy_AM">Նախնական PVR բաժանորդ</summary>
    <summary lang="id_ID">Klien Demo PVR</summary>
    <summary lang="is_IS">Prufu upptökubiðlari</summary>
    <summary lang="it_IT">Client PVR Demo</summary>
    <summary lang="ja_JP">デモ PVR クライアント</summary>
    <summary lang="ko_KR">데모 PVR 클라이언트</summary>
    <summary lang="lt_LT">Demo PVR klientas</summary>
    <summary lang="lv_LV">Demo PVR klients</summary>
    <summary lang="mk_MK">Демо за PVR клиент</summary>
    <summary lang="ms_MY">Kline PVR Demo</summary>
    <summary lang="mt_MT">Klijent tal-PVR Tad-Dimostrazzjoni</summary>
    <summary lang="my_MM">PVR Client သရုပ်ပြမှု့</summary>
    <summary lang="nb_NO">Demo- PVR-klient</summary>
    <summary lang="nl_NL">Demo PVR cliënt</summary>
    <summary lang="pl_PL">Klient telewizji do celów demonstracyjnych</summary>
    <summary lang="pt_BR">Cliente de PVR de Demonstração</summary>
    <summary lang="pt_PT">Cliente PVR - Demonstração</summary>
    <summary lang="ro_RO">Demo client PVR</summary>
    <summary lang="ru_RU">Демонстрация клиента PVR</summary>
    <summary lang="si_LK">ආදර්ශක PVR ආයත්තකයා</summary>
    <summary lang="sk_SK">Demo PVR Klient</summary>
    <summary lang="sl_SI">Demo odjemalec PVR</summary>
    <summary lang="sr_RS">Пробни PVR Клијент</summary>
    <summary lang="sr_RS@latin">Probni PVR Кlijent</summary>
    <summary lang="sv_SE">PVR-demoklient</summary>
    <summary lang="szl">Dymōnstracyjny klijynt PVR</summary>
    <summary lang="te_IN">డెమో PVR క్లయింట్</summary>
    <summary lang="tg_TJ">Муштарии намоишии PVR</summary>
    <summary lang="th_TH">ตัวอย่างลูกข่าย PVR</summary>
    <summary lang="tr_TR">PVR Tanıtım İstemcisi</summary>
    <summary lang="uk_UA">Демонстраційний клієнт для PVR</summary>
    <summary lang="vi_VN">Demo PVR</summary>
    <summary lang="zh_CN">PVR 演示客户端</summary>
    <summary lang="zh_TW">演示PVR客戶端</summary>
    <description lang="af_ZA">Demo PVR Kliënt</description>
    <description lang="am_ET">የ PVR ደንበኛ ናሙና </description>
    <description lang="be_BY">Дэма кліент PVR</description>
    <description lang="bg_BG">Демонстрационен ПВР клиент</description>
    <description lang="ca_ES">Demostració del client PVR</description>
    <description lang="cs_CZ">Ukázkový klient PVR</description>
    <description lang="cy_GB">Cleient Recordydd Fideo Personol Arddangos</description>
    <description lang="da_DK">Demo PVR Klient</description>
    <description lang="de_DE">Demo PVR Client</description>
    <description lang="el_GR">Δοκιμαστικός Πελάτης PVR</description>
    <description lang="en_AU">Demo PVR Client</description>
    <description lang="en_GB">Demo PVR Client</description>
    <description lang="en_NZ">Demo PVR Client</description>
    <description lang="en_US">Demo PVR Client</description>
    <description lang="es_AR">Cliente PVR demo</description>
    <description lang="es_ES">Demo Cliente PVR</description>
    <description lang="es_MX">Cliente Demo PVR</description>
    <description lang="et_EE">Demo PVR'i klient</description>
    <description lang="eu_ES">PVR bezeroaren demoa</description>
    <description lang="fi_FI">Testauskäyttöön tarkoitettu PVR-asiakasohjelma</description>
    <description lang="fr_CA">Client numériscope de démo</description>
    <description lang="fr_FR">Client enregistreur vidéo (PVR) de démonstration</description>
    <description lang="gl_ES">Cliente PVR Demo</description>
    <description lang="he_IL">דוגמה ללקוח טלוויזיה חיה</description>
    <description lang="hr_HR">Demo PVR klijent</description>
    <description lang="hu_HU">Demo PVR ügyfél</description>
    <description lang="hy_AM">Նախնական PVR բաժանորդ</description>
    <description lang="id_ID">Demo Klien PVR</description>
    <description lang="is_IS">Prufu upptökubiðlari</description>
    <description lang="it_IT">Client PVR Demo</description>
    <description lang="ja_JP">デモ PVR クライアント</description>
    <description lang="ko_KR">데모 PVR 클라이언트</description>
    <description lang="lt_LT">Demo PVR klientas</description>
    <description lang="lv_LV">Demo PVR klients</description>
    <description lang="mk_MK">Демо за PVR клиент</description>
    <description lang="ms_MY">Klien PVR Demo</description>
    <description lang="mt_MT">Klijent tal-PVR Tad-Dimostrazzjoni</description>
    <description lang="my_MM">PVR Client သရုပ်ပြမှု့</description>
    <description lang="nb_NO">Demo PVR-klient</description>
    <description lang="nl_NL">Demo PVR cliënt</description>
    <description lang="pl_PL">Klient telewizji do celów demonstracyjnych</description>
    <description lang="pt_BR">Cliente de PVR de Demonstração</description>
    <description lang="pt_PT">Cliente PVR - Demonstração</description>
    <description lang="ro_RO">Demo client PVR</description>
    <description lang="ru_RU">Демонстрация клиента PVR</description>
    <description lang="si_LK">ආදර්ශක PVR ආයත්තකයා</description>
    <description lang="sk_SK">Demo PVR Klient</description>
    <description lang="sl_SI">Demo odjemalec PVR</description>
    <description lang="sr_RS">Пробни PVR Клијент</description>
    <description lang="sr_RS@latin">Probni PVR Кlijent</description>
    <description lang="sv_SE">PVR-demoklient</description>
    <description lang="szl">Dymōnstracyjny klijynt PVR</description>
    <description lang="te_IN">డెమో PVR క్లయింట్</description>
    <description lang="tg_TJ">Муштарии намоишии PVR</description>
    <description lang="th_TH">ตัวอย่างลูกข่าย PVR</description>
    <description lang="tr_TR">PVR Tanıtım İstemcisi</description>
    <description lang="uk_UA">Демонстраційний клієнт для PVR</description>
    <description lang="vi_VN">Demo PVR</description>
    <description lang="zh_CN">PVR 演示客户端</description>
    <description lang="zh_TW">演示PVR客戶端</description>
    <disclaimer lang="af_ZA">Bevat net stubs</disclaimer>
    <disclaimer lang="am_ET">ቁራጭ ይዟል </disclaimer>
    <disclaimer lang="be_BY">Змяшчае толькі заглушкі</disclaimer>
    <disclaimer lang="bg_BG">Съдържа само stub файлове</disclaimer>
    <disclaimer lang="ca_ES">Només conté fragments</disclaimer>
    <disclaimer lang="cs_CZ">Obsahuje pouze prázdné kódy</disclaimer>
    <disclaimer lang="cy_GB">Bonion yn unig</disclaimer>
    <disclaimer lang="da_DK">Indeholder kun stumper</disclaimer>
    <disclaimer lang="de_DE">Enthält nur Fragmente</disclaimer>
    <disclaimer lang="el_GR">Περιέχει μόνο εικονικά κανάλια</disclaimer>
    <disclaimer lang="en_AU">Just contains stubs</disclaimer>
    <disclaimer lang="en_GB">Just contains stubs</disclaimer>
    <disclaimer lang="en_NZ">Just contains stubs</disclaimer>
    <disclaimer lang="en_US">Just contains stubs</disclaimer>
    <disclaimer lang="es_AR">contiene sólo marcadores</disclaimer>
    <disclaimer lang="es_ES">Sólo contiene fragmentos</disclaimer>
    <disclaimer lang="es_MX">Solo contiene talones</disclaimer>
    <disclaimer lang="et_EE">Sisaldab ainult juppe</disclaimer>
    <disclaimer lang="eu_ES">Puskak ditu soilik</disclaimer>
    <disclaimer lang="fi_FI">Sisältää vain tyngän</disclaimer>
    <disclaimer lang="fr_CA">Ne contient que des fragments</disclaimer>
    <disclaimer lang="fr_FR">Ne contient que des clips de démo</disclaimer>
    <disclaimer lang="gl_ES">Só contén fragmentos</disclaimer>
    <disclaimer lang="he_IL">מכיל רק stubs</disclaimer>
    <disclaimer lang="hr_HR">Samo sadrži kratke informacije</disclaimer>
    <disclaimer lang="hu_HU">Csak tesztfunkciókat tartalmaz</disclaimer>
    <disclaimer lang="id_ID">Hanya mengandung stub</disclaimer>
    <disclaimer lang="is_IS">Inniheldur aðeins búta</disclaimer>
    <disclaimer lang="it_IT">Contiene solo tronconi</disclaimer>
    <disclaimer lang="ja_JP">単なるスタブです</disclaimer>
    <disclaimer lang="ko_KR"> 단순한 stub만 포함</disclaimer>
    <disclaimer lang="lt_LT">Tiesiog tuščia struktūra</disclaimer>
    <disclaimer lang="lv_LV">Satur tikai nepabeigtas lietas</disclaimer>
    <disclaimer lang="mk_MK">некакви записи</disclaimer>
    <disclaimer lang="ms_MY">Hanya mengandungi stub</disclaimer>
    <disclaimer lang="mt_MT">Fih pezzijiet biss</disclaimer>
    <disclaimer lang="my_MM">stub များသာပါဝင်နေခြင်း</disclaimer>
    <disclaimer lang="nb_NO">Inneholder kun stubber</disclaimer>
    <disclaimer lang="nl_NL">Bevat enkel stubs</disclaimer>
    <disclaimer lang="pl_PL">Tylko symuluje działanie</disclaimer>
    <disclaimer lang="pt_BR">Só contém esboços</disclaimer>
    <disclaimer lang="pt_PT">Só contém fragmentos</disclaimer>
    <disclaimer lang="ro_RO">Conține numai cioturi</disclaimer>
    <disclaimer lang="ru_RU">Содержит заглушки</disclaimer>
    <disclaimer lang="si_LK">අක්කඩ පමණක් අන්තර්ගතයි.</disclaimer>
    <disclaimer lang="sk_SK">Obsahuje len útržky</disclaimer>
    <disclaimer lang="sl_SI">Vsebuje le fiktivne vsebine</disclaimer>
    <disclaimer lang="sr_RS">Садржи само назнаке садржаја</disclaimer>
    <disclaimer lang="sr_RS@latin">Sadrži samo naznake sadržaja</disclaimer>
    <disclaimer lang="sv_SE">Innehåller bara undertexter</disclaimer>
    <disclaimer lang="szl">Ino dymōnstracyjŏ</disclaimer>
    <disclaimer lang="te_IN">కేవలం స్టబ్స్ కలిగి ఉంటుంది</disclaimer>
    <disclaimer lang="tg_TJ">Танҳо дорои сарпӯшак мебошад</disclaimer>
    <disclaimer lang="tr_TR">Sadece taslakları içerir</disclaimer>
    <disclaimer lang="uk_UA">Не містить нічого</disclaimer>
    <disclaimer lang="vi_VN">Chỉ chứa phần tử sơ khai</disclaimer>
    <disclaimer lang="zh_CN">只包含存根</disclaimer>
    <disclaimer lang="zh_TW">只包含 Stubs</disclaimer>
    <platform>linux</platform>
  </extension>
</addon>
