<?xml version="1.0" encoding="UTF-8" standalone="yes"?>
<addon id="service.net-snmp"
       name="Net-SNMP"
       version="9.0.3.102"
       provider-name="Team LibreELEC">
  <requires>
    <import addon="os.libreelec.tv" version="9.0"/>
    <import addon="xbmc.python" version="2.1.0"/>

  </requires>
  <extension point="xbmc.service" library="default.py">
    <provides></provides>
  </extension>
  <extension point="xbmc.addon.metadata">
    <summary>Simple Network Management Protocol utilities.</summary>
    <description>
Simple Network Management Protocol (SNMP) is a widely used protocol for monitoring the health and welfare of network equipment.
    </description>
    <disclaimer>

    </disclaimer>
    <platform>all</platform>
    <news>
101
- make addon configurable

100
- Initial addon
- net-snmp 5.7.3
    </news>
    <assets>
      <icon>resources/icon.png</icon>
      <fanart>resources/fanart.png</fanart>

    </assets>
  </extension>
</addon>
