<?xml version="1.0" encoding="UTF-8"?>
<addon id="audiodecoder.nosefart" version="1.1.3.2" name="Nosefart Audio Decoder" provider-name="spiff">
  <requires>
    <import addon="kodi.binary.global.main" version="1.0.9"/>
    <import addon="kodi.binary.instance.audiodecoder" version="1.0.1"/>
  </requires>
  <extension point="kodi.audiodecoder" name="nsf" tags="true" tracks="true" extension=".nsf|.nsfstream" library_linux="audiodecoder.nosefart.so.1.1.3"/>
  <extension point="xbmc.addon.metadata">
    <summary lang="en">Nosefart (NSF) Audio Decoder</summary>
    <description lang="en">Nosefart (NSF) Audio Decoder</description>
    <platform>linux</platform>
  </extension>
</addon>
