<?xml version="1.0" encoding="UTF-8"?>
<addon id="game.libretro.vecx" name="Vectrex (vecx)" version="1.2.0.103" provider-name="Libretro">
  <requires>
    <import addon="game.libretro" version="1.0.0"/>
  </requires>
  <extension point="kodi.gameclient" library_linux="game.libretro.vecx.so">
    <platforms>vecx</platforms>
    <extensions>bin|vec</extensions>
    <supports_vfs>true</supports_vfs>
    <supports_standalone>false</supports_standalone>
    <supports_keyboard>false</supports_keyboard>
    <supports_mouse>false</supports_mouse>
  </extension>
  <extension point="xbmc.addon.metadata">
    <summary lang="en">Vectrex (vecx) 1.2</summary>
    <description>Source: https://github.com/libretro/libretro-vecx

Supported files: .bin, .vec</description>
    <license>GPLv3</license>
    <platform>linux</platform>
  </extension>
</addon>
