﻿<?xml version="1.0" encoding="UTF-8"?>
<site generator-info-name="WebGrab+Plus/w MDB &amp; REX Postprocess -- version V1.56.15 -- Jan van Straaten" site="tv.ua">
  <channels>
    <channel update="i" site="tv.ua" site_id="2" xmltv_id="1+1">1+1</channel>
    <channel update="i" site="tv.ua" site_id="1112" xmltv_id="112 Украина">112 Украина</channel>
    <channel update="i" site="tv.ua" site_id="6" xmltv_id="2+2">2+2</channel>
    <channel update="i" site="tv.ua" site_id="2111" xmltv_id="24 Doc">24 Doc</channel>
    <channel update="i" site="tv.ua" site_id="2113" xmltv_id="365 Дней">365 Дней</channel>
    <channel update="i" site="tv.ua" site_id="13" xmltv_id="5 канал">5 канал</channel>
    <channel update="i" site="tv.ua" site_id="20017" xmltv_id="5 канал (Россия)">5 канал (Россия)</channel>
    <channel update="i" site="tv.ua" site_id="10017" xmltv_id="A-One">A-One</channel>
    <channel update="i" site="tv.ua" site_id="161" xmltv_id="ACM">ACM</channel>
    <channel update="i" site="tv.ua" site_id="708" xmltv_id="Adult Channel">Adult Channel</channel>
    <channel update="i" site="tv.ua" site_id="108" xmltv_id="Ajara TV">Ajara TV</channel>
    <channel update="i" site="tv.ua" site_id="707" xmltv_id="AlJazeera">AlJazeera</channel>
    <channel update="i" site="tv.ua" site_id="144" xmltv_id="AMEDIA">AMEDIA</channel>
    <channel update="i" site="tv.ua" site_id="10031" xmltv_id="Animal Planet Украина">Animal Planet Украина</channel>
    <channel update="i" site="tv.ua" site_id="2115" xmltv_id="ATR">ATR</channel>
    <channel update="i" site="tv.ua" site_id="10006" xmltv_id="BBC Prime">BBC Prime</channel>
    <channel update="i" site="tv.ua" site_id="10004" xmltv_id="BBC World News">BBC World News</channel>
    <channel update="i" site="tv.ua" site_id="21114" xmltv_id="Boomerang">Boomerang</channel>
    <channel update="i" site="tv.ua" site_id="136" xmltv_id="Bridge TV">Bridge TV</channel>
    <channel update="i" site="tv.ua" site_id="20025" xmltv_id="Cartoon Network">Cartoon Network</channel>
    <channel update="i" site="tv.ua" site_id="110" xmltv_id="CBS Drama">CBS Drama</channel>
    <channel update="i" site="tv.ua" site_id="679" xmltv_id="CBS Reality">CBS Reality</channel>
    <channel update="i" site="tv.ua" site_id="10003" xmltv_id="CNL">CNL</channel>
    <channel update="i" site="tv.ua" site_id="690" xmltv_id="CNN">CNN</channel>
    <channel update="i" site="tv.ua" site_id="20022" xmltv_id="Discovery Channel Eastern Europe">Discovery Channel Eastern Europe</channel>
    <channel update="i" site="tv.ua" site_id="21" xmltv_id="Discovery Channel Украина">Discovery Channel Украина</channel>
    <channel update="i" site="tv.ua" site_id="2128" xmltv_id="Discovery Russia">Discovery Russia</channel>
    <channel update="i" site="tv.ua" site_id="10008" xmltv_id="Discovery Science">Discovery Science</channel>
    <channel update="i" site="tv.ua" site_id="1239" xmltv_id="Discovery Travel &amp; Living">Discovery Travel &amp; Living</channel>
    <channel update="i" site="tv.ua" site_id="10007" xmltv_id="Discovery World">Discovery World</channel>
    <channel update="i" site="tv.ua" site_id="199" xmltv_id="Disney">Disney</channel>
    <channel update="i" site="tv.ua" site_id="10014" xmltv_id="Drive">Drive</channel>
    <channel update="i" site="tv.ua" site_id="2166" xmltv_id="DSF">DSF</channel>
    <channel update="i" site="tv.ua" site_id="706" xmltv_id="DW-TV">DW-TV</channel>
    <channel update="i" site="tv.ua" site_id="200" xmltv_id="E! Entertainment">E! Entertainment</channel>
    <channel update="i" site="tv.ua" site_id="1226" xmltv_id="English Club TV">English Club TV</channel>
    <channel update="i" site="tv.ua" site_id="48" xmltv_id="Enter Film">Enter Film</channel>
    <channel update="i" site="tv.ua" site_id="2179" xmltv_id="EnTV(Энергодар)">EnTV(Энергодар)</channel>
    <channel update="i" site="tv.ua" site_id="10032" xmltv_id="ESPN Classic">ESPN Classic</channel>
    <channel update="i" site="tv.ua" site_id="10030" xmltv_id="Euronews">Euronews</channel>
    <channel update="i" site="tv.ua" site_id="20042" xmltv_id="Eurosport">Eurosport</channel>
    <channel update="i" site="tv.ua" site_id="10034" xmltv_id="Eurosport2">Eurosport2</channel>
    <channel update="i" site="tv.ua" site_id="10035" xmltv_id="Extreme Sports Channel">Extreme Sports Channel</channel>
    <channel update="i" site="tv.ua" site_id="714" xmltv_id="F Man">F Man</channel>
    <channel update="i" site="tv.ua" site_id="713" xmltv_id="Fashion TV Europe">Fashion TV Europe</channel>
    <channel update="i" site="tv.ua" site_id="10027" xmltv_id="FootSchool">FootSchool</channel>
    <channel update="i" site="tv.ua" site_id="178" xmltv_id="Fox">Fox</channel>
    <channel update="i" site="tv.ua" site_id="179" xmltv_id="Fox Life">Fox Life</channel>
    <channel update="i" site="tv.ua" site_id="667" xmltv_id="France 24 EN">France 24 EN</channel>
    <channel update="i" site="tv.ua" site_id="686" xmltv_id="France 24 FR">France 24 FR</channel>
    <channel update="i" site="tv.ua" site_id="20040" xmltv_id="Hallmark">Hallmark</channel>
    <channel update="i" site="tv.ua" site_id="9" xmltv_id="ICTV">ICTV</channel>
    <channel update="i" site="tv.ua" site_id="1338" xmltv_id="Investigation Discovery">Investigation Discovery</channel>
    <channel update="i" site="tv.ua" site_id="27" xmltv_id="Jetix">Jetix</channel>
    <channel update="i" site="tv.ua" site_id="11" xmltv_id="JimJam">JimJam</channel>
    <channel update="i" site="tv.ua" site_id="10045" xmltv_id="KidsCo">KidsCo</channel>
    <channel update="i" site="tv.ua" site_id="10041" xmltv_id="Kiko">Kiko</channel>
    <channel update="i" site="tv.ua" site_id="687" xmltv_id="M1">M1</channel>
    <channel update="i" site="tv.ua" site_id="190" xmltv_id="Maxxi ТВ">Maxxi ТВ</channel>
    <channel update="i" site="tv.ua" site_id="21117" xmltv_id="Megogo">Megogo</channel>
    <channel update="i" site="tv.ua" site_id="10033" xmltv_id="Motors TV">Motors TV</channel>
    <channel update="i" site="tv.ua" site_id="20018" xmltv_id="MTV">MTV</channel>
    <channel update="i" site="tv.ua" site_id="2116" xmltv_id="MTV-Россия">MTV-Россия</channel>
    <channel update="i" site="tv.ua" site_id="10026" xmltv_id="Music Box UA">Music Box UA</channel>
    <channel update="i" site="tv.ua" site_id="10046" xmltv_id="Nat Geo Wild">Nat Geo Wild</channel>
    <channel update="i" site="tv.ua" site_id="10005" xmltv_id="National Geographic">National Geographic</channel>
    <channel update="i" site="tv.ua" site_id="1119" xmltv_id="NewsOne">NewsOne</channel>
    <channel update="i" site="tv.ua" site_id="114" xmltv_id="Nickelodeon">Nickelodeon</channel>
    <channel update="i" site="tv.ua" site_id="683" xmltv_id="O-TV">O-TV</channel>
    <channel update="i" site="tv.ua" site_id="2117" xmltv_id="O2tv">O2tv</channel>
    <channel update="i" site="tv.ua" site_id="10047" xmltv_id="OK">OK</channel>
    <channel update="i" site="tv.ua" site_id="2165" xmltv_id="Polonia">Polonia</channel>
    <channel update="i" site="tv.ua" site_id="2164" xmltv_id="Polsat">Polsat</channel>
    <channel update="i" site="tv.ua" site_id="2118" xmltv_id="PRO ВСЕ">PRO ВСЕ</channel>
    <channel update="i" site="tv.ua" site_id="10044" xmltv_id="QTV">QTV</channel>
    <channel update="i" site="tv.ua" site_id="2119" xmltv_id="R1">R1</channel>
    <channel update="i" site="tv.ua" site_id="1115" xmltv_id="Real Estate TV">Real Estate TV</channel>
    <channel update="i" site="tv.ua" site_id="120" xmltv_id="RTVi">RTVi</channel>
    <channel update="i" site="tv.ua" site_id="139" xmltv_id="RU TV">RU TV</channel>
    <channel update="i" site="tv.ua" site_id="1222" xmltv_id="Russian Travel Guide TV">Russian Travel Guide TV</channel>
    <channel update="i" site="tv.ua" site_id="138" xmltv_id="Sarafan">Sarafan</channel>
    <channel update="i" site="tv.ua" site_id="194" xmltv_id="Sony Entertainment (SET)">Sony Entertainment (SET)</channel>
    <channel update="i" site="tv.ua" site_id="173" xmltv_id="Sony Sci-Fi">Sony Sci-Fi</channel>
    <channel update="i" site="tv.ua" site_id="2011" xmltv_id="Style TV">Style TV</channel>
    <channel update="i" site="tv.ua" site_id="192" xmltv_id="Syfy Universal">Syfy Universal</channel>
    <channel update="i" site="tv.ua" site_id="174" xmltv_id="TBi">TBi</channel>
    <channel update="i" site="tv.ua" site_id="1118" xmltv_id="TCM">TCM</channel>
    <channel update="i" site="tv.ua" site_id="682" xmltv_id="TCMCartoon">TCMCartoon</channel>
    <channel update="i" site="tv.ua" site_id="2120" xmltv_id="Teen TV">Teen TV</channel>
    <channel update="i" site="tv.ua" site_id="2121" xmltv_id="TLC (Discovery)">TLC (Discovery)</channel>
    <channel update="i" site="tv.ua" site_id="10010" xmltv_id="Travel Channel">Travel Channel</channel>
    <channel update="i" site="tv.ua" site_id="45" xmltv_id="TV XXI">TV XXI</channel>
    <channel update="i" site="tv.ua" site_id="10002" xmltv_id="TV-5 Monde Europe">TV-5 Monde Europe</channel>
    <channel update="i" site="tv.ua" site_id="113" xmltv_id="TV1000">TV1000</channel>
    <channel update="i" site="tv.ua" site_id="135" xmltv_id="TV1000 Action">TV1000 Action</channel>
    <channel update="i" site="tv.ua" site_id="2010" xmltv_id="TV1000 Comedy">TV1000 Comedy</channel>
    <channel update="i" site="tv.ua" site_id="2009" xmltv_id="TV1000 Megahit">TV1000 Megahit</channel>
    <channel update="i" site="tv.ua" site_id="158" xmltv_id="TV1000 Русское кино">TV1000 Русское кино</channel>
    <channel update="i" site="tv.ua" site_id="2167" xmltv_id="TVP1">TVP1</channel>
    <channel update="i" site="tv.ua" site_id="2168" xmltv_id="TVP2">TVP2</channel>
    <channel update="i" site="tv.ua" site_id="1444" xmltv_id="Ukrainian Fashion Channel">Ukrainian Fashion Channel</channel>
    <channel update="i" site="tv.ua" site_id="191" xmltv_id="Universal Channel">Universal Channel</channel>
    <channel update="i" site="tv.ua" site_id="681" xmltv_id="VH1 Europe">VH1 Europe</channel>
    <channel update="i" site="tv.ua" site_id="128" xmltv_id="Viasat Explorer">Viasat Explorer</channel>
    <channel update="i" site="tv.ua" site_id="129" xmltv_id="Viasat History">Viasat History</channel>
    <channel update="i" site="tv.ua" site_id="201" xmltv_id="Viasat Nature">Viasat Nature</channel>
    <channel update="i" site="tv.ua" site_id="1116" xmltv_id="Viasat Sport">Viasat Sport</channel>
    <channel update="i" site="tv.ua" site_id="10024" xmltv_id="Wedding TV">Wedding TV</channel>
    <channel update="i" site="tv.ua" site_id="11114" xmltv_id="X-sport">X-sport</channel>
    <channel update="i" site="tv.ua" site_id="2123" xmltv_id="ZIK">ZIK</channel>
    <channel update="i" site="tv.ua" site_id="688" xmltv_id="Zoom">Zoom</channel>
    <channel update="i" site="tv.ua" site_id="1334" xmltv_id="Zooпарк">Zooпарк</channel>
    <channel update="i" site="tv.ua" site_id="1231" xmltv_id="Авто+">Авто+</channel>
    <channel update="i" site="tv.ua" site_id="2171" xmltv_id="Алекс ТРК">Алекс ТРК</channel>
    <channel update="i" site="tv.ua" site_id="2126" xmltv_id="Бабай ТБ">Бабай ТБ</channel>
    <channel update="i" site="tv.ua" site_id="2177" xmltv_id="Буг-ТВ">Буг-ТВ</channel>
    <channel update="i" site="tv.ua" site_id="2124" xmltv_id="Бульвар ТВ">Бульвар ТВ</channel>
    <channel update="i" site="tv.ua" site_id="1240" xmltv_id="Вести">Вести</channel>
    <channel update="i" site="tv.ua" site_id="2125" xmltv_id="Время">Время</channel>
    <channel update="i" site="tv.ua" site_id="1900" xmltv_id="Гамма">Гамма</channel>
    <channel update="i" site="tv.ua" site_id="10028" xmltv_id="Глас">Глас</channel>
    <channel update="i" site="tv.ua" site_id="10039" xmltv_id="Гумор ТБ">Гумор ТБ</channel>
    <channel update="i" site="tv.ua" site_id="10009" xmltv_id="Дамский клуб (ТДК)">Дамский клуб (ТДК)</channel>
    <channel update="i" site="tv.ua" site_id="195" xmltv_id="Детский">Детский</channel>
    <channel update="i" site="tv.ua" site_id="175" xmltv_id="Дом Кино">Дом Кино</channel>
    <channel update="i" site="tv.ua" site_id="20012" xmltv_id="Домашний">Домашний</channel>
    <channel update="i" site="tv.ua" site_id="2152" xmltv_id="Донбасс ТК">Донбасс ТК</channel>
    <channel update="i" site="tv.ua" site_id="1232" xmltv_id="Еврокино">Еврокино</channel>
    <channel update="i" site="tv.ua" site_id="21118" xmltv_id="Еспресо TV">Еспресо TV</channel>
    <channel update="i" site="tv.ua" site_id="2129" xmltv_id="Живи!">Живи!</channel>
    <channel update="i" site="tv.ua" site_id="2130" xmltv_id="Жиса (Крым)">Жиса (Крым)</channel>
    <channel update="i" site="tv.ua" site_id="2172" xmltv_id="Запорожье">Запорожье</channel>
    <channel update="i" site="tv.ua" site_id="20015" xmltv_id="Звезда">Звезда</channel>
    <channel update="i" site="tv.ua" site_id="10013" xmltv_id="Здоровое телевидение">Здоровое телевидение</channel>
    <channel update="i" site="tv.ua" site_id="2132" xmltv_id="Знание">Знание</channel>
    <channel update="i" site="tv.ua" site_id="2131" xmltv_id="Зоо ТВ">Зоо ТВ</channel>
    <channel update="i" site="tv.ua" site_id="2133" xmltv_id="Иллюзион+">Иллюзион+</channel>
    <channel update="i" site="tv.ua" site_id="1229" xmltv_id="Индия ТВ">Индия ТВ</channel>
    <channel update="i" site="tv.ua" site_id="4" xmltv_id="Интер">Интер</channel>
    <channel update="i" site="tv.ua" site_id="187" xmltv_id="Интер+">Интер+</channel>
    <channel update="i" site="tv.ua" site_id="2134" xmltv_id="Интересное ТВ">Интересное ТВ</channel>
    <channel update="i" site="tv.ua" site_id="2189" xmltv_id="ИРТА">ИРТА</channel>
    <channel update="i" site="tv.ua" site_id="2135" xmltv_id="ИТВ (Крым)">ИТВ (Крым)</channel>
    <channel update="i" site="tv.ua" site_id="12" xmltv_id="К1">К1</channel>
    <channel update="i" site="tv.ua" site_id="3" xmltv_id="К2">К2</channel>
    <channel update="i" site="tv.ua" site_id="2137" xmltv_id="Карусель">Карусель</channel>
    <channel update="i" site="tv.ua" site_id="10" xmltv_id="Киев">Киев</channel>
    <channel update="i" site="tv.ua" site_id="20031" xmltv_id="Киноклуб">Киноклуб</channel>
    <channel update="i" site="tv.ua" site_id="2138" xmltv_id="Киномания">Киномания</channel>
    <channel update="i" site="tv.ua" site_id="2140" xmltv_id="Кинопоказ">Кинопоказ</channel>
    <channel update="i" site="tv.ua" site_id="167" xmltv_id="Комедия ТВ">Комедия ТВ</channel>
    <channel update="i" site="tv.ua" site_id="116" xmltv_id="КРТ">КРТ</channel>
    <channel update="i" site="tv.ua" site_id="2122" xmltv_id="Крым ГТРК">Крым ГТРК</channel>
    <channel update="i" site="tv.ua" site_id="2141" xmltv_id="Кухня ТВ">Кухня ТВ</channel>
    <channel update="i" site="tv.ua" site_id="1113" xmltv_id="КХЛ">КХЛ</channel>
    <channel update="i" site="tv.ua" site_id="2158" xmltv_id="Лад">Лад</channel>
    <channel update="i" site="tv.ua" site_id="2190" xmltv_id="ЛКТ">ЛКТ</channel>
    <channel update="i" site="tv.ua" site_id="2191" xmltv_id="ЛКТ-Премиум">ЛКТ-Премиум</channel>
    <channel update="i" site="tv.ua" site_id="2192" xmltv_id="ЛОТ">ЛОТ</channel>
    <channel update="i" site="tv.ua" site_id="2144" xmltv_id="Любимое Кино">Любимое Кино</channel>
    <channel update="i" site="tv.ua" site_id="2142" xmltv_id="Малятко ТВ">Малятко ТВ</channel>
    <channel update="i" site="tv.ua" site_id="10025" xmltv_id="Мама">Мама</channel>
    <channel update="i" site="tv.ua" site_id="21120" xmltv_id="Матч ТВ">Матч ТВ</channel>
    <channel update="i" site="tv.ua" site_id="1230" xmltv_id="Матч! Боец">Матч! Боец</channel>
    <channel update="i" site="tv.ua" site_id="20047" xmltv_id="Матч! Футбол 1">Матч! Футбол 1</channel>
    <channel update="i" site="tv.ua" site_id="140" xmltv_id="Мега">Мега</channel>
    <channel update="i" site="tv.ua" site_id="172" xmltv_id="Меню-ТВ">Меню-ТВ</channel>
    <channel update="i" site="tv.ua" site_id="170" xmltv_id="Мир">Мир</channel>
    <channel update="i" site="tv.ua" site_id="168" xmltv_id="Много ТВ">Много ТВ</channel>
    <channel update="i" site="tv.ua" site_id="1223" xmltv_id="Моя планета">Моя планета</channel>
    <channel update="i" site="tv.ua" site_id="2002" xmltv_id="МТВ">МТВ</channel>
    <channel update="i" site="tv.ua" site_id="2188" xmltv_id="МТМ">МТМ</channel>
    <channel update="i" site="tv.ua" site_id="20019" xmltv_id="Муз-ТВ">Муз-ТВ</channel>
    <channel update="i" site="tv.ua" site_id="2143" xmltv_id="Мультимания">Мультимания</channel>
    <channel update="i" site="tv.ua" site_id="20" xmltv_id="Наше кино">Наше кино</channel>
    <channel update="i" site="tv.ua" site_id="182" xmltv_id="Наше новое кино">Наше новое кино</channel>
    <channel update="i" site="tv.ua" site_id="2145" xmltv_id="Неаполь (Крым)">Неаполь (Крым)</channel>
    <channel update="i" site="tv.ua" site_id="11133" xmltv_id="НЛО.ТV">НЛО.ТV</channel>
    <channel update="i" site="tv.ua" site_id="20029" xmltv_id="Новое кино">Новое кино</channel>
    <channel update="i" site="tv.ua" site_id="39" xmltv_id="Новый Канал">Новый Канал</channel>
    <channel update="i" site="tv.ua" site_id="159" xmltv_id="Ностальгия">Ностальгия</channel>
    <channel update="i" site="tv.ua" site_id="10012" xmltv_id="НСТВ">НСТВ</channel>
    <channel update="i" site="tv.ua" site_id="2146" xmltv_id="НТА">НТА</channel>
    <channel update="i" site="tv.ua" site_id="65" xmltv_id="НТВ">НТВ</channel>
    <channel update="i" site="tv.ua" site_id="1227" xmltv_id="НТВ+ Баскетбол">НТВ+ Баскетбол</channel>
    <channel update="i" site="tv.ua" site_id="153" xmltv_id="НТВ+ Детский Мир">НТВ+ Детский Мир</channel>
    <channel update="i" site="tv.ua" site_id="2136" xmltv_id="НТВ+ Кино Плюс">НТВ+ Кино Плюс</channel>
    <channel update="i" site="tv.ua" site_id="180" xmltv_id="НТВ+ Кинохит">НТВ+ Кинохит</channel>
    <channel update="i" site="tv.ua" site_id="1225" xmltv_id="НТВ+ Наш футбол">НТВ+ Наш футбол</channel>
    <channel update="i" site="tv.ua" site_id="43" xmltv_id="НТВ+ Премьера">НТВ+ Премьера</channel>
    <channel update="i" site="tv.ua" site_id="22" xmltv_id="НТВ+ Спорт">НТВ+ Спорт</channel>
    <channel update="i" site="tv.ua" site_id="1224" xmltv_id="НТВ+ Спорт Онлайн">НТВ+ Спорт Онлайн</channel>
    <channel update="i" site="tv.ua" site_id="2003" xmltv_id="НТВ+ Спорт плюс">НТВ+ Спорт плюс</channel>
    <channel update="i" site="tv.ua" site_id="46" xmltv_id="НТВ-МИР">НТВ-МИР</channel>
    <channel update="i" site="tv.ua" site_id="122" xmltv_id="НТН">НТН</channel>
    <channel update="i" site="tv.ua" site_id="2100" xmltv_id="О2ТВ">О2ТВ</channel>
    <channel update="i" site="tv.ua" site_id="2159" xmltv_id="ОНТ">ОНТ</channel>
    <channel update="i" site="tv.ua" site_id="21116" xmltv_id="ОТР">ОТР</channel>
    <channel update="i" site="tv.ua" site_id="10036" xmltv_id="Охота и Рыбалка">Охота и Рыбалка</channel>
    <channel update="i" site="tv.ua" site_id="2147" xmltv_id="Охотник и рыболов">Охотник и рыболов</channel>
    <channel update="i" site="tv.ua" site_id="20020" xmltv_id="Парк развлечений">Парк развлечений</channel>
    <channel update="i" site="tv.ua" site_id="10038" xmltv_id="Первый автомобильный">Первый автомобильный</channel>
    <channel update="i" site="tv.ua" site_id="186" xmltv_id="Первый канал ВС Европа">Первый канал ВС Европа</channel>
    <channel update="i" site="tv.ua" site_id="20001" xmltv_id="Первый канал Россия">Первый канал Россия</channel>
    <channel update="i" site="tv.ua" site_id="145" xmltv_id="Первый канал Украина">Первый канал Украина</channel>
    <channel update="i" site="tv.ua" site_id="1" xmltv_id="Первый национальный">Первый национальный</channel>
    <channel update="i" site="tv.ua" site_id="2148" xmltv_id="Петербург-5">Петербург-5</channel>
    <channel update="i" site="tv.ua" site_id="157" xmltv_id="Пиксель-ТВ">Пиксель-ТВ</channel>
    <channel update="i" site="tv.ua" site_id="10042" xmltv_id="Планета">Планета</channel>
    <channel update="i" site="tv.ua" site_id="164" xmltv_id="Планета Спорт">Планета Спорт</channel>
    <channel update="i" site="tv.ua" site_id="104" xmltv_id="Плюс Плюс">Плюс Плюс</channel>
    <channel update="i" site="tv.ua" site_id="701" xmltv_id="Рада">Рада</channel>
    <channel update="i" site="tv.ua" site_id="700" xmltv_id="РБК">РБК</channel>
    <channel update="i" site="tv.ua" site_id="26" xmltv_id="РЕН ТВ">РЕН ТВ</channel>
    <channel update="i" site="tv.ua" site_id="193" xmltv_id="Ретро">Ретро</channel>
    <channel update="i" site="tv.ua" site_id="2149" xmltv_id="Ровеньки">Ровеньки</channel>
    <channel update="i" site="tv.ua" site_id="2150" xmltv_id="Россия /РТР/">Россия /РТР/</channel>
    <channel update="i" site="tv.ua" site_id="20002" xmltv_id="Россия 1">Россия 1</channel>
    <channel update="i" site="tv.ua" site_id="2022" xmltv_id="Россия 2">Россия 2</channel>
    <channel update="i" site="tv.ua" site_id="1333" xmltv_id="Россия 24">Россия 24</channel>
    <channel update="i" site="tv.ua" site_id="20006" xmltv_id="Россия-Культура">Россия-Культура</channel>
    <channel update="i" site="tv.ua" site_id="712" xmltv_id="РТР Планета">РТР Планета</channel>
    <channel update="i" site="tv.ua" site_id="184" xmltv_id="РТР Планета Спутник">РТР Планета Спутник</channel>
    <channel update="i" site="tv.ua" site_id="185" xmltv_id="РТР Спорт">РТР Спорт</channel>
    <channel update="i" site="tv.ua" site_id="81" xmltv_id="РТР-Планета (кабель)">РТР-Планета (кабель)</channel>
    <channel update="i" site="tv.ua" site_id="20038" xmltv_id="Русский иллюзион">Русский иллюзион</channel>
    <channel update="i" site="tv.ua" site_id="10040" xmltv_id="Світ">Світ</channel>
    <channel update="i" site="tv.ua" site_id="2127" xmltv_id="Севастополь ГТРК">Севастополь ГТРК</channel>
    <channel update="i" site="tv.ua" site_id="21119" xmltv_id="Сигма">Сигма</channel>
    <channel update="i" site="tv.ua" site_id="10022" xmltv_id="Совершенно Секретно">Совершенно Секретно</channel>
    <channel update="i" site="tv.ua" site_id="2151" xmltv_id="Спас">Спас</channel>
    <channel update="i" site="tv.ua" site_id="20008" xmltv_id="Спорт">Спорт</channel>
    <channel update="i" site="tv.ua" site_id="166" xmltv_id="Спорт 1">Спорт 1</channel>
    <channel update="i" site="tv.ua" site_id="10020" xmltv_id="Спорт 2">Спорт 2</channel>
    <channel update="i" site="tv.ua" site_id="5" xmltv_id="СТБ">СТБ</channel>
    <channel update="i" site="tv.ua" site_id="2161" xmltv_id="СТВ">СТВ</channel>
    <channel update="i" site="tv.ua" site_id="20016" xmltv_id="Столица">Столица</channel>
    <channel update="i" site="tv.ua" site_id="20009" xmltv_id="СТС">СТС</channel>
    <channel update="i" site="tv.ua" site_id="127" xmltv_id="ТВ Центр">ТВ Центр</channel>
    <channel update="i" site="tv.ua" site_id="20003" xmltv_id="ТВ Центр – International">ТВ Центр – International</channel>
    <channel update="i" site="tv.ua" site_id="20013" xmltv_id="ТВ-3">ТВ-3</channel>
    <channel update="i" site="tv.ua" site_id="2169" xmltv_id="ТВ-5">ТВ-5</channel>
    <channel update="i" site="tv.ua" site_id="2170" xmltv_id="ТВ-5 Спорт">ТВ-5 Спорт</channel>
    <channel update="i" site="tv.ua" site_id="162" xmltv_id="ТВ3 РОССИЯ">ТВ3 РОССИЯ</channel>
    <channel update="i" site="tv.ua" site_id="2001" xmltv_id="ТВ7 Мариуполь">ТВ7 Мариуполь</channel>
    <channel update="i" site="tv.ua" site_id="109" xmltv_id="Телеклуб">Телеклуб</channel>
    <channel update="i" site="tv.ua" site_id="10037" xmltv_id="Теленяня (Карусель)">Теленяня (Карусель)</channel>
    <channel update="i" site="tv.ua" site_id="8" xmltv_id="ТЕТ">ТЕТ</channel>
    <channel update="i" site="tv.ua" site_id="666" xmltv_id="Техно 24">Техно 24</channel>
    <channel update="i" site="tv.ua" site_id="41" xmltv_id="ТНТ">ТНТ</channel>
    <channel update="i" site="tv.ua" site_id="7" xmltv_id="Тонис">Тонис</channel>
    <channel update="i" site="tv.ua" site_id="93" xmltv_id="Украина">Украина</channel>
    <channel update="i" site="tv.ua" site_id="10019" xmltv_id="Усадьба">Усадьба</channel>
    <channel update="i" site="tv.ua" site_id="2153" xmltv_id="УТР">УТР</channel>
    <channel update="i" site="tv.ua" site_id="684" xmltv_id="Феникс + Кино">Феникс + Кино</channel>
    <channel update="i" site="tv.ua" site_id="197" xmltv_id="Футбол1">Футбол1</channel>
    <channel update="i" site="tv.ua" site_id="1114" xmltv_id="Футбол2">Футбол2</channel>
    <channel update="i" site="tv.ua" site_id="20014" xmltv_id="Че">Че</channel>
    <channel update="i" site="tv.ua" site_id="2178" xmltv_id="Чернигов">Чернигов</channel>
    <channel update="i" site="tv.ua" site_id="2154" xmltv_id="Черноморка (Крым)">Черноморка (Крым)</channel>
    <channel update="i" site="tv.ua" site_id="9116" xmltv_id="Эра ТРК">Эра ТРК</channel>
  </channels>
</site>