﻿<?xml version="1.0" encoding="UTF-8"?>
<site generator-info-name="WebGrab+Plus/w MDB &amp; REX Postprocess -- version V1.56.14 -- Jan van Straaten" site="formulatv.com">
  <channels>
    <channel update="i" site="formulatv.com" site_id="la1" xmltv_id="La 1">La 1</channel>
    <channel update="i" site="formulatv.com" site_id="la2" xmltv_id="La 2">La 2</channel>
    <channel update="i" site="formulatv.com" site_id="antena3" xmltv_id="Antena 3 Televisión">Antena 3 Televisión</channel>
    <channel update="i" site="formulatv.com" site_id="cuatro" xmltv_id="Cuatro">Cuatro</channel>
    <channel update="i" site="formulatv.com" site_id="telecinco" xmltv_id="Telecinco">Telecinco</channel>
    <channel update="i" site="formulatv.com" site_id="lasexta" xmltv_id="laSexta">laSexta</channel>
    <channel update="i" site="formulatv.com" site_id="movistar0" xmltv_id="#0">#0</channel>
    <channel update="i" site="formulatv.com" site_id="teledeporte" xmltv_id="Teledeporte">Teledeporte</channel>
    <channel update="i" site="formulatv.com" site_id="clan" xmltv_id="Clan TVE">Clan TVE</channel>
    <channel update="i" site="formulatv.com" site_id="canal24horas" xmltv_id="Canal 24 Horas">Canal 24 Horas</channel>
    <channel update="i" site="formulatv.com" site_id="neox" xmltv_id="Neox">Neox</channel>
    <channel update="i" site="formulatv.com" site_id="nova" xmltv_id="Nova">Nova</channel>
    <channel update="i" site="formulatv.com" site_id="paramountchannel" xmltv_id="Paramount Channel">Paramount Channel</channel>
    <channel update="i" site="formulatv.com" site_id="energy" xmltv_id="Energy">Energy</channel>
    <channel update="i" site="formulatv.com" site_id="discoverymax" xmltv_id="Discovery MAX">Discovery MAX</channel>
    <channel update="i" site="formulatv.com" site_id="mega-espana" xmltv_id="Mega (España)">Mega (España)</channel>
    <channel update="i" site="formulatv.com" site_id="atreseries" xmltv_id="Atreseries">Atreseries</channel>
    <channel update="i" site="formulatv.com" site_id="fdf" xmltv_id="FDF">FDF</channel>
    <channel update="i" site="formulatv.com" site_id="boing" xmltv_id="Boing">Boing</channel>
    <channel update="i" site="formulatv.com" site_id="13tv" xmltv_id="13TV">13TV</channel>
    <channel update="i" site="formulatv.com" site_id="divinity" xmltv_id="Divinity">Divinity</channel>
    <channel update="i" site="formulatv.com" site_id="disney-channel" xmltv_id="Disney Channel">Disney Channel</channel>
    <channel update="i" site="formulatv.com" site_id="telemadrid" xmltv_id="Telemadrid">Telemadrid</channel>
    <channel update="i" site="formulatv.com" site_id="tv3" xmltv_id="TV3">TV3</channel>
    <channel update="i" site="formulatv.com" site_id="canalsur" xmltv_id="Canal Sur">Canal Sur</channel>
    <channel update="i" site="formulatv.com" site_id="etb2" xmltv_id="Euskal Telebista 2">Euskal Telebista 2</channel>
    <channel update="i" site="formulatv.com" site_id="tvg" xmltv_id="TVG">TVG</channel>
    <channel update="i" site="formulatv.com" site_id="tv-canaria" xmltv_id="TV Canaria">TV Canaria</channel>
    <channel update="i" site="formulatv.com" site_id="clm-television" xmltv_id="Castilla La Mancha Televisión">Castilla La Mancha Televisión</channel>
    <channel update="i" site="formulatv.com" site_id="ib3-televisio" xmltv_id="IB3 Televisió">IB3 Televisió</channel>
    <channel update="i" site="formulatv.com" site_id="atv" xmltv_id="Aragón Televisión">Aragón Televisión</channel>
    <channel update="i" site="formulatv.com" site_id="tpa" xmltv_id="Televisión Principado de Asturias">Televisión Principado de Asturias</channel>
    <channel update="i" site="formulatv.com" site_id="7rm" xmltv_id="7TV Región de Murcia">7TV Región de Murcia</channel>
    <channel update="i" site="formulatv.com" site_id="canal-extremadura" xmltv_id="Canal Extremadura">Canal Extremadura</channel>
    <channel update="i" site="formulatv.com" site_id="fox-espana" xmltv_id="FOX España">FOX España</channel>
    <channel update="i" site="formulatv.com" site_id="foxlife" xmltv_id="Fox Life">Fox Life</channel>
    <channel update="i" site="formulatv.com" site_id="axn" xmltv_id="AXN">AXN</channel>
    <channel update="i" site="formulatv.com" site_id="crimen-investigacion" xmltv_id="Crimen &amp; Investigación">Crimen &amp; Investigación</channel>
    <channel update="i" site="formulatv.com" site_id="axnwhite" xmltv_id="AXN White">AXN White</channel>
    <channel update="i" site="formulatv.com" site_id="calle13" xmltv_id="Calle 13">Calle 13</channel>
    <channel update="i" site="formulatv.com" site_id="amc-espana" xmltv_id="AMC (España)">AMC (España)</channel>
    <channel update="i" site="formulatv.com" site_id="comedycentral" xmltv_id="Comedy Central (España)">Comedy Central (España)</channel>
    <channel update="i" site="formulatv.com" site_id="canal-plus-series" xmltv_id="Canal+ Series">Canal+ Series</channel>
    <channel update="i" site="formulatv.com" site_id="cosmopolitan" xmltv_id="Cosmopolitan">Cosmopolitan</channel>
    <channel update="i" site="formulatv.com" site_id="mtv-espana" xmltv_id="MTV España">MTV España</channel>
    <channel update="i" site="formulatv.com" site_id="playboy-tv" xmltv_id="Playboy TV">Playboy TV</channel>
    <channel update="i" site="formulatv.com" site_id="syfy-espana" xmltv_id="SyFy España">SyFy España</channel>
    <channel update="i" site="formulatv.com" site_id="tnt-espana" xmltv_id="TNT España">TNT España</channel>
    <channel update="i" site="formulatv.com" site_id="canal-hollywood" xmltv_id="Canal Hollywood">Canal Hollywood</channel>
    <channel update="i" site="formulatv.com" site_id="tcm" xmltv_id="TCM">TCM</channel>
    <channel update="i" site="formulatv.com" site_id="dcine-espanol" xmltv_id="DCine Español">DCine Español</channel>
    <channel update="i" site="formulatv.com" site_id="xtrm" xmltv_id="XTRM">XTRM</channel>
    <channel update="i" site="formulatv.com" site_id="somos" xmltv_id="Somos">Somos</channel>
    <channel update="i" site="formulatv.com" site_id="sundance-channel" xmltv_id="Sundance Channel">Sundance Channel</channel>
    <channel update="i" site="formulatv.com" site_id="buzz" xmltv_id="Buzz">Buzz</channel>
    <channel update="i" site="formulatv.com" site_id="canal-plus-xtra" xmltv_id="Canal+ Xtra">Canal+ Xtra</channel>
    <channel update="i" site="formulatv.com" site_id="canalplus-accion" xmltv_id="Canal+ Acción">Canal+ Acción</channel>
    <channel update="i" site="formulatv.com" site_id="canal-plus-comedia" xmltv_id="Canal+ Comedia">Canal+ Comedia</channel>
    <channel update="i" site="formulatv.com" site_id="canalplus-dcine" xmltv_id="Canal+ DCine">Canal+ DCine</channel>
    <channel update="i" site="formulatv.com" site_id="eurosport" xmltv_id="Eurosport">Eurosport</channel>
    <channel update="i" site="formulatv.com" site_id="eurosport-2" xmltv_id="Eurosport 2">Eurosport 2</channel>
    <channel update="i" site="formulatv.com" site_id="sportmania" xmltv_id="Sportmanía">Sportmanía</channel>
    <channel update="i" site="formulatv.com" site_id="real-madrid-tv" xmltv_id="Real Madrid TV">Real Madrid TV</channel>
    <channel update="i" site="formulatv.com" site_id="barca-tv" xmltv_id="Barça TV">Barça TV</channel>
    <channel update="i" site="formulatv.com" site_id="canal-plus-futbol" xmltv_id="Canal+ Fútbol">Canal+ Fútbol</channel>
    <channel update="i" site="formulatv.com" site_id="canal-plus-deportes" xmltv_id="Canal+ Deportes">Canal+ Deportes</channel>
    <channel update="i" site="formulatv.com" site_id="national-geographic" xmltv_id="National Geographic">National Geographic</channel>
    <channel update="i" site="formulatv.com" site_id="nat-geo-wild" xmltv_id="Nat Geo Wild">Nat Geo Wild</channel>
    <channel update="i" site="formulatv.com" site_id="discovery-channel" xmltv_id="Discovery Channel">Discovery Channel</channel>
    <channel update="i" site="formulatv.com" site_id="canal-viajar" xmltv_id="Canal Viajar">Canal Viajar</channel>
    <channel update="i" site="formulatv.com" site_id="caza-y-pesca" xmltv_id="Caza y Pesca">Caza y Pesca</channel>
    <channel update="i" site="formulatv.com" site_id="canal-historia" xmltv_id="Canal de Historia">Canal de Historia</channel>
    <channel update="i" site="formulatv.com" site_id="el-garage-tv" xmltv_id="El Garage TV">El Garage TV</channel>
    <channel update="i" site="formulatv.com" site_id="odisea" xmltv_id="Odisea">Odisea</channel>
    <channel update="i" site="formulatv.com" site_id="canal-natura" xmltv_id="Canal Natura">Canal Natura</channel>
    <channel update="i" site="formulatv.com" site_id="a-e-espana" xmltv_id="A&amp;E España">A&amp;E España</channel>
    <channel update="i" site="formulatv.com" site_id="discovery-science" xmltv_id="Discovery Science">Discovery Science</channel>
    <channel update="i" site="formulatv.com" site_id="discovery-civilization" xmltv_id="Discovery Civilization">Discovery Civilization</channel>
    <channel update="i" site="formulatv.com" site_id="discovery-turbo" xmltv_id="Discovery Turbo">Discovery Turbo</channel>
    <channel update="i" site="formulatv.com" site_id="canal-cocina" xmltv_id="Canal Cocina">Canal Cocina</channel>
    <channel update="i" site="formulatv.com" site_id="decasa" xmltv_id="Decasa">Decasa</channel>
    <channel update="i" site="formulatv.com" site_id="nick" xmltv_id="Nick">Nick</channel>
    <channel update="i" site="formulatv.com" site_id="canal-panda" xmltv_id="Canal Panda">Canal Panda</channel>
    <channel update="i" site="formulatv.com" site_id="disney-junior" xmltv_id="Disney Junior">Disney Junior</channel>
    <channel update="i" site="formulatv.com" site_id="nick-jr" xmltv_id="Nick Jr.">Nick Jr.</channel>
    <channel update="i" site="formulatv.com" site_id="disney-xd" xmltv_id="Disney XD">Disney XD</channel>
    <channel update="i" site="formulatv.com" site_id="40-tv" xmltv_id="40 TV">40 TV</channel>
    <channel update="i" site="formulatv.com" site_id="sol-musica" xmltv_id="SOL Música">SOL Música</channel>
    <channel update="i" site="formulatv.com" site_id="vh1" xmltv_id="VH1">VH1</channel>
    <channel update="i" site="formulatv.com" site_id="vh1-classics" xmltv_id="VH1 Classics">VH1 Classics</channel>
    <channel update="i" site="formulatv.com" site_id="mtv-2" xmltv_id="MTV 2">MTV 2</channel>
    <channel update="i" site="formulatv.com" site_id="mtv-hits" xmltv_id="MTV Hits">MTV Hits</channel>
    <channel update="i" site="formulatv.com" site_id="tv5-monde" xmltv_id="TV5 Monde">TV5 Monde</channel>
    <channel update="i" site="formulatv.com" site_id="canal-de-las-estrellas" xmltv_id="Canal de las Estrellas">Canal de las Estrellas</channel>
    <channel update="i" site="formulatv.com" site_id="cnn" xmltv_id="CNN">CNN</channel>
    <channel update="i" site="formulatv.com" site_id="bbc-world" xmltv_id="BBC World">BBC World</channel>
    <channel update="i" site="formulatv.com" site_id="bloomberg" xmltv_id="Bloomberg">Bloomberg</channel>
    <channel update="i" site="formulatv.com" site_id="intereconomia" xmltv_id="Intereconomía">Intereconomía</channel>
  </channels>
</site>